image_id,image_location,turtle_id
ID_2RK4WLN8,top,t_id_VP2NW7aV
ID_VVW0QXLX,left,t_id_qZ0iZYsC
ID_RVATH2HZ,Right,t_id_3b65X5Lw
ID_2GB90GPS,left,t_id_YjXYTCGC
ID_LM6S0B1M,top,t_id_d6aYXtor
ID_M23WYAY4,left,t_id_ksTLswDT
ID_8VXV1HDO,top,t_id_hRzOoJ2t
ID_RHU29QC9,left,t_id_utw0thCe
ID_4SG74XJ1,Top,t_id_k1rScFLB
ID_KXCS1UOR,left,t_id_n2FBHk6d
ID_7Y87NI7I,right,t_id_ZfvZBX4Q
ID_ZLVRXJZR,left,t_id_G5eoqwD8
ID_A1Z8O31H,top,t_id_FBsGDJhU
ID_V9OTO8MH,right,t_id_Ts5LyVQz
ID_6Y4FG4BB,right,t_id_NW7wn8TC
ID_2LXSCM50,left,t_id_JI6ba2Yx
ID_TGN9OBL2,left,t_id_ifWwxWF4
ID_ULAKU6DJ,right,t_id_uIlC9Gfo
ID_S6FL4KD3,right,t_id_dVQ4x3wz
ID_3L6M3RWM,right,t_id_3K93fQBS
ID_Z8AKLN0N,left,t_id_hRzOoJ2t
ID_10S4M153,top,t_id_IlO9BOKc
ID_XP6OWWQW,right,t_id_DPYQnZyv
ID_SCKMVRWX,left,t_id_ROFhVsy2
ID_XZJJ5JKN,right,t_id_BI99coHt
ID_I7XE1RII,left,t_id_GrxmyS59
ID_JICN2IP3,right,t_id_AOWArhGb
ID_891VOTKK,left,t_id_4XiPKIk7
ID_WWMKB8ZD,top,t_id_mpuNp8mf
ID_O3K6N0PN,left,t_id_stWei2Uq
ID_3SY3WRKR,top,t_id_15bo4NKD
ID_R1R94L1C,left,t_id_QqeoI5F3
ID_F84YDUV1,left,t_id_NW7wn8TC
ID_Y3N4ES3O,right,t_id_Kf73l69A
ID_EU9I4R8T,left,t_id_Kf73l69A
ID_1E6X2GLW,right,t_id_Kc1tXDbJ
ID_ZT7NN2BN,top,t_id_AOWArhGb
ID_HDJEY7GV,right,t_id_2Yn71r7R
ID_VXC0GWEK,top,t_id_iZQiE7wb
ID_1EAHT0TG,right,t_id_m2JvEcsg
ID_V1PZ6AR5,top,t_id_a4VYrmyA
ID_IS1EW5KB,top,t_id_hRzOoJ2t
ID_BPL211JZ,Right,t_id_3b65X5Lw
ID_MHIMCE5O,left,t_id_UVQa4BMz
ID_19M73WWV,right,t_id_tjWepji1
ID_2A9SNF98,right,t_id_hRzOoJ2t
ID_JZZF3AJ5,right,t_id_UVQa4BMz
ID_PITDB70K,left,t_id_BXWccqAn
ID_489B62RG,right,t_id_1KIezxkh
ID_X8HHIP6P,left,t_id_e9i3Lbq4
ID_E3U6IY1D,top,t_id_AOWArhGb
ID_4G07YNGA,left,t_id_YjXYTCGC
ID_P7LXRA4M,left,t_id_4XiPKIk7
ID_IOKYX7ZF,right,t_id_Kf73l69A
ID_I3A1FMQ8,right,t_id_qZ0iZYsC
ID_G0B2CPBT,left,t_id_bYageLYA
ID_BW9BPB5F,left,t_id_AOWArhGb
ID_N7VYJGMW,right,t_id_JI6ba2Yx
ID_46LUQOPY,right,t_id_8b8sprYe
ID_IZB1O90H,right,t_id_2QmcRkNj
ID_G7D2IW6Z,top,t_id_UVQa4BMz
ID_E1VTOK0D,right,t_id_iZQiE7wb
ID_BP9DTP1R,top,t_id_9GFmcOd5
ID_I3BS8QHQ,left,t_id_smNwfXAT
ID_6Z5TCW8Q,top,t_id_hibDzPAP
ID_XLATFLE4,top,t_id_D3kHUEgp
ID_Z2ILP0TR,top,t_id_e9i3Lbq4
ID_FVIB6JCX,left,t_id_ROFhVsy2
ID_PVJNH2XA,top,t_id_Ts5LyVQz
ID_D0KS9Z47,top,t_id_mpuNp8mf
ID_36LEVX0D,right,t_id_ksTLswDT
ID_DY6J47U4,right,t_id_Ts5LyVQz
ID_9ITS1S4K,Top,t_id_B7LaSiac
ID_T44CRJ0L,top,t_id_Kf73l69A
ID_UDWBD3B8,top,t_id_VP2NW7aV
ID_H20MDDZJ,top,t_id_qZ0iZYsC
ID_TIPS2OY1,left,t_id_m2JvEcsg
ID_3XOEESPD,top,t_id_fjHGjp1w
ID_FOD2ERLL,top,t_id_gJaKYxBQ
ID_BKVAYKO9,right,t_id_72SiiZCp
ID_P8HXJ2SR,left,t_id_8b8sprYe
ID_5H36XGUB,top,t_id_Kf73l69A
ID_3G500MQW,left,t_id_IP1t15lD
ID_EPVDPWJW,right,t_id_uJXT7dGu
ID_8TZXG7TF,left,t_id_7gFFZy7i
ID_XZNBVORT,right,t_id_uJXT7dGu
ID_CFRODR7F,top,t_id_YjXYTCGC
ID_2OORWNWM,right,t_id_hRzOoJ2t
ID_VIN9WYSK,top,t_id_72SiiZCp
ID_36IV1E98,top,t_id_87CLFCvE
ID_XRWSJPHZ,left,t_id_DPYQnZyv
ID_EMH5M4GV,left,t_id_ROFhVsy2
ID_PKH2VH9R,top,t_id_VP2NW7aV
ID_ZSBS0O3K,top,t_id_ROFhVsy2
ID_MRC6SLLH,top,t_id_J5dngbNA
ID_Q31894PE,top,t_id_HcnnlRda
ID_HPQ5LB6B,top,t_id_WDCMGvI4
ID_X544I2JH,right,t_id_ROFhVsy2
ID_1DDCV5Q1,right,t_id_stWei2Uq
ID_ZTSBEHTH,top,t_id_dVQ4x3wz
ID_0GMRVK1K,right,t_id_uJXT7dGu
ID_OMJ51VAU,left,t_id_Kf73l69A
ID_75Q12DUU,left,t_id_fjHGjp1w
ID_3MZMD48C,right,t_id_m2JvEcsg
ID_HDQ2HTRZ,left,t_id_DPYQnZyv
ID_R34ZH4EL,left,t_id_Kf73l69A
ID_51GXXQ2Y,right,t_id_JI6ba2Yx
ID_8RH9U956,right,t_id_utw0thCe
ID_DLCCII6A,top,t_id_g9Fz8PH7
ID_1Y1QRZWC,top,t_id_BXWccqAn
ID_IPBCA1K4,top,t_id_SwQZGIpa
ID_232HUB3N,right,t_id_IlO9BOKc
ID_CPRH40QQ,Right,t_id_p77GDtzg
ID_0ZZ13T2Q,left,t_id_Kf73l69A
ID_N9HS1KQF,left,t_id_D0gA44av
ID_3DCZRDYS,top,t_id_JI6ba2Yx
ID_BFEIUVKE,left,t_id_OqU1NWEA
ID_C9Z8OH3Q,right,t_id_VP2NW7aV
ID_X88JUXRH,top,t_id_MwnEYfqe
ID_3G585E73,right,t_id_QqeoI5F3
ID_JQ880K3B,top,t_id_YjXYTCGC
ID_MZJ7T2HY,Right,t_id_HxxqrdTx
ID_3KQPOZH2,right,t_id_IP3xtKuX
ID_08VEIX80,top,t_id_Ts5LyVQz
ID_EHBK5QZB,right,t_id_SwQZGIpa
ID_TJQHHY6Z,right,t_id_JI6ba2Yx
ID_9P43KND6,right,t_id_uJXT7dGu
ID_I9I34HP4,top,t_id_hRzOoJ2t
ID_29XH0KCY,top,t_id_BI99coHt
ID_UG2TVKMW,left,t_id_8b8sprYe
ID_PG9GEBED,left,t_id_qZ0iZYsC
ID_S92A4W3D,right,t_id_4ZfTUmwL
ID_XNPX3JSB,left,t_id_DbmclTcj
ID_4G43AB8P,top,t_id_AMnriNb5
ID_FI2HUMDU,top,t_id_dVQ4x3wz
ID_C8VF2TP8,right,t_id_2QmcRkNj
ID_89PTEHFL,left,t_id_fxTQ5vHC
ID_A23ODPZB,left,t_id_4XiPKIk7
ID_RO6NL9CS,top,t_id_J24awAHQ
ID_TMGBD56H,right,t_id_QqeoI5F3
ID_C0THF948,left,t_id_DPYQnZyv
ID_VBPPR3Y7,right,t_id_DbmclTcj
ID_TM5CCJQ7,left,t_id_GrxmyS59
ID_NO9OIJ2H,top,t_id_G5eoqwD8
ID_86H4SWHF,right,t_id_0g31STvR
ID_X9LXO5HR,right,t_id_G5eoqwD8
ID_AHAESL2D,right,t_id_Imm5pnNf
ID_EFS5ZIVU,right,t_id_WXXcPTSW
ID_G7ZC3IXH,right,t_id_IlO9BOKc
ID_O1BPUT8S,top,t_id_VFb44eFm
ID_J2Y1DSBL,top,t_id_uMOOrQu7
ID_HLRPJPLM,top,t_id_3fKmnkBS
ID_TMN5YR5U,top,t_id_Kc1tXDbJ
ID_L547VRCF,right,t_id_mpuNp8mf
ID_3RBHM6FO,right,t_id_iZQiE7wb
ID_ENXXPGGR,right,t_id_8b8sprYe
ID_YR8D6IQ6,top,t_id_fxTQ5vHC
ID_JF4O7LG2,right,t_id_GrxmyS59
ID_J3FIC6EP,Top,t_id_p77GDtzg
ID_8DDL17XK,Left,t_id_HxxqrdTx
ID_Q3U7PBL2,top,t_id_NW7wn8TC
ID_IFO678V1,left,t_id_AOWArhGb
ID_HW28KOA7,Left,t_id_B7LaSiac
ID_GS2F2MW5,right,t_id_mXD9Bjsb
ID_YB3TP5OR,right,t_id_WDCMGvI4
ID_XAO3YF62,top,t_id_D0gA44av
ID_C1BYU1PB,top,t_id_J24awAHQ
ID_B61OR82C,left,t_id_15bo4NKD
ID_Y9NYWUY6,left,t_id_uJXT7dGu
ID_ZH72MNHJ,left,t_id_gGQbn7FA
ID_EAY71H9C,top,t_id_G5JLzvai
ID_4LFAG0GT,left,t_id_EEbWq5Pj
ID_K7F402DY,right,t_id_fxTQ5vHC
ID_HDPVDTHZ,Left,t_id_GOIvCduN
ID_AYYF9AA5,right,t_id_smNwfXAT
ID_3VW2J1FZ,right,t_id_fxTQ5vHC
ID_LH598T6E,right,t_id_hRzOoJ2t
ID_7OYMWNUE,right,t_id_D3kHUEgp
ID_D329XY40,left,t_id_OqU1NWEA
ID_BPU39K37,right,t_id_a4VYrmyA
ID_FIGY3T6W,left,t_id_9GFmcOd5
ID_VL36TJCA,right,t_id_JI6ba2Yx
ID_1BWWORQD,left,t_id_8b8sprYe
ID_BKAN6GHT,left,t_id_bYageLYA
ID_1SPFXL92,top,t_id_JI6ba2Yx
ID_V8HWPX4S,top,t_id_8b8sprYe
ID_546OK6LK,left,t_id_YjXYTCGC
ID_DJI922WL,left,t_id_pCO59rOk
ID_3FEFN3JQ,top,t_id_JI6ba2Yx
ID_M760T3Y0,left,t_id_pCO59rOk
ID_LAB3YXQM,right,t_id_D0gA44av
ID_9D7O7BNO,Right,t_id_GOIvCduN
ID_SZ71OF5U,top,t_id_iD9ikw6Y
ID_J4LJW3XC,left,t_id_dVQ4x3wz
ID_L93UPACV,right,t_id_uIlC9Gfo
ID_IDKTP9P7,Left,t_id_HxxqrdTx
ID_O1OIO05P,left,t_id_VP2NW7aV
ID_AHKMI3EV,Top,t_id_GOIvCduN
ID_5AD65I4B,right,t_id_VP2NW7aV
ID_FL86KCKT,left,t_id_2QmcRkNj
ID_8IOQ3H20,top,t_id_pCO59rOk
ID_P1M2DQ92,right,t_id_87CLFCvE
ID_PYUU50JJ,left,t_id_hRzOoJ2t
ID_ISM3W0LK,top,t_id_a4VYrmyA
ID_XHXFJ7S5,right,t_id_dVQ4x3wz
ID_X5IGA7ZC,left,t_id_tjWepji1
ID_Z5PB47TH,left,t_id_FBsGDJhU
ID_C0XD1GPV,top,t_id_uMOOrQu7
ID_P4F3CMRN,left,t_id_72SiiZCp
ID_YM0BCX48,left,t_id_bYageLYA
ID_PV8A8TSR,right,t_id_Kf73l69A
ID_VXBRYHSY,right,t_id_UVQa4BMz
ID_VF3L51JZ,left,t_id_SwQZGIpa
ID_0S8W21AW,top,t_id_0g31STvR
ID_AS53QVYU,left,t_id_3K93fQBS
ID_CM43B6M7,right,t_id_dVQ4x3wz
ID_H44WASZ9,left,t_id_uJXT7dGu
ID_95CNJ5F9,top,t_id_dVQ4x3wz
ID_AKFBYQEI,top,t_id_Kf73l69A
ID_GBIPGKYA,top,t_id_ZfvZBX4Q
ID_BAAEO834,left,t_id_IP1t15lD
ID_5J29FOYV,left,t_id_ZfvZBX4Q
ID_1HC59N7M,left,t_id_3fKmnkBS
ID_LWUBIFZE,top,t_id_dc6pjonY
ID_WBWA783J,left,t_id_WDCMGvI4
ID_GZAVAR20,top,t_id_SwQZGIpa
ID_8QBFZHVC,Top,t_id_B7LaSiac
ID_IR0HZ7PU,top,t_id_hRzOoJ2t
ID_EROKDWQ1,left,t_id_uVgs53Cz
ID_PEKZ9E1J,Top,t_id_3b65X5Lw
ID_0OAKNJBQ,right,t_id_e9i3Lbq4
ID_T4X2NJXT,left,t_id_C0wevyOl
ID_3B6AWEAY,right,t_id_SwQZGIpa
ID_ISHFXKJ8,right,t_id_dVQ4x3wz
ID_WCY4UDSS,right,t_id_n2FBHk6d
ID_IDU43BVE,top,t_id_ROFhVsy2
ID_P2I5L8EA,top,t_id_ksTLswDT
ID_LE932Y06,left,t_id_C0wevyOl
ID_Q8DDPT7E,right,t_id_KysHzQQK
ID_1RWHLFRK,right,t_id_e9i3Lbq4
ID_BQ73PAMG,top,t_id_WXXcPTSW
ID_L7ZYGMUD,left,t_id_AOWArhGb
ID_2QZRGCJ2,top,t_id_ZfvZBX4Q
ID_UA7QCOAK,left,t_id_JI6ba2Yx
ID_J1CJJLE6,left,t_id_BXWccqAn
ID_XLKC56IP,left,t_id_hRzOoJ2t
ID_CZKED7NQ,right,t_id_YjXYTCGC
ID_SDBFH6UK,right,t_id_2E8o5Jtl
ID_AKIY2YEW,right,t_id_utw0thCe
ID_6HWD3G9K,right,t_id_1KIezxkh
ID_SRV002C5,left,t_id_hRzOoJ2t
ID_LND5MMIH,left,t_id_stWei2Uq
ID_LP7JUNDW,right,t_id_ip3jsrYo
ID_DTHCY847,left,t_id_a4VYrmyA
ID_PCVB2UVB,top,t_id_mXD9Bjsb
ID_9RVRTRR0,right,t_id_72SiiZCp
ID_B30P44N6,left,t_id_tjWepji1
ID_2SKJ6BRJ,top,t_id_9GFmcOd5
ID_OKOS05PC,left,t_id_BI99coHt
ID_O3PSB5YN,left,t_id_Ts5LyVQz
ID_Z2WN3TT8,top,t_id_3K93fQBS
ID_SEKK9MFX,right,t_id_fxTQ5vHC
ID_C49XVZ5R,right,t_id_niEvmwXu
ID_RXGFH8F1,top,t_id_3K93fQBS
ID_4PYQJ8EO,top,t_id_KysHzQQK
ID_65RDT286,left,t_id_AOWArhGb
ID_VJIW0DHC,top,t_id_2Yn71r7R
ID_A7UAJD5D,left,t_id_WDCMGvI4
ID_GQJ9GYKO,right,t_id_ZfvZBX4Q
ID_WBNFY7BJ,right,t_id_C0wevyOl
ID_54EE1LXT,top,t_id_uJXT7dGu
ID_HPGCWLNH,top,t_id_a4VYrmyA
ID_97MM8CO3,right,t_id_G5eoqwD8
ID_703GHGF1,left,t_id_8b8sprYe
ID_R6B3K6OE,top,t_id_C0wevyOl
ID_QNS796W6,left,t_id_MwnEYfqe
ID_W3IKGL2R,top,t_id_UVQa4BMz
ID_8ESGYE0F,top,t_id_Kc1tXDbJ
ID_FHWWXME9,left,t_id_AMnriNb5
ID_QG488M1V,top,t_id_fxTQ5vHC
ID_MOPYVC4U,right,t_id_DPYQnZyv
ID_IR5VEFCL,right,t_id_72SiiZCp
ID_3KTXJW0H,right,t_id_MwnEYfqe
ID_DV4O9HZA,left,t_id_BI99coHt
ID_XUAK0MOX,left,t_id_BI99coHt
ID_ZNKXMMF3,top,t_id_C0wevyOl
ID_6LEAO1CH,top,t_id_uIlC9Gfo
ID_OZC6KK0Q,left,t_id_hibDzPAP
ID_HHQ41BU3,top,t_id_a4VYrmyA
ID_VO5H8L80,top,t_id_Ts5LyVQz
ID_BZK50GKL,left,t_id_Lhp87PBX
ID_RI6JUEDZ,top,t_id_Imm5pnNf
ID_TKDIA5OO,top,t_id_utw0thCe
ID_HP6JW8Z7,top,t_id_n2FBHk6d
ID_0WB4N789,left,t_id_IlO9BOKc
ID_8553S13P,right,t_id_Dv4O8bOM
ID_59PAXSBH,Left,t_id_HxxqrdTx
ID_8R011BJ7,top,t_id_dVQ4x3wz
ID_TJKJK3GT,right,t_id_IlO9BOKc
ID_Z13GROFM,left,t_id_Ts5LyVQz
ID_JWE18L2H,right,t_id_D3kHUEgp
ID_6MJKC6BJ,right,t_id_dVQ4x3wz
ID_FFJ36MUY,top,t_id_SwQZGIpa
ID_TDEYFFRJ,right,t_id_bYageLYA
ID_E7RQV5XA,left,t_id_9GFmcOd5
ID_TWD5RJ9O,left,t_id_m2JvEcsg
ID_60SCQFGY,right,t_id_utw0thCe
ID_H6T5L8AI,top,t_id_NW7wn8TC
ID_FP4ZKN3A,right,t_id_qZ0iZYsC
ID_7P33VKSS,top,t_id_Ts5LyVQz
ID_YCV0DZ9K,right,t_id_stWei2Uq
ID_9ST0DF4N,left,t_id_iD9ikw6Y
ID_KQVWICM0,right,t_id_VP2NW7aV
ID_RZJJGBVM,top,t_id_dhdJMT1K
ID_AMDTJIPS,right,t_id_2Yn71r7R
ID_VO33NMDC,right,t_id_Ts5LyVQz
ID_GTDPVPZD,left,t_id_BXWccqAn
ID_TCVSL145,right,t_id_Kf73l69A
ID_HY882SAA,right,t_id_JI6ba2Yx
ID_LHGM7OJ1,top,t_id_n2FBHk6d
ID_CQWEMNVV,left,t_id_15bo4NKD
ID_EPGYE8QX,top,t_id_hRzOoJ2t
ID_W6PAU4FN,left,t_id_KysHzQQK
ID_MBUZ1F22,left,t_id_m2JvEcsg
ID_EVUFNQNS,left,t_id_IlO9BOKc
ID_SM70K1RQ,right,t_id_VFb44eFm
ID_20MTQNWG,right,t_id_VP2NW7aV
ID_JG2X5YIW,right,t_id_hRzOoJ2t
ID_L86CSRXZ,left,t_id_BI99coHt
ID_YHPURQZO,top,t_id_ROFhVsy2
ID_8R946BSW,top,t_id_8b8sprYe
ID_M45GF9ZV,right,t_id_uVgs53Cz
ID_0R6UOFUQ,left,t_id_hRzOoJ2t
ID_KCU00M6B,top,t_id_ROFhVsy2
ID_RLLP216R,left,t_id_WDCMGvI4
ID_1SQB2VWI,top,t_id_mXD9Bjsb
ID_Q1MUD2XZ,top,t_id_BI99coHt
ID_P98AEGPJ,right,t_id_X3bKBWYW
ID_L2125VIR,top,t_id_VP2NW7aV
ID_D9FYF5Y4,Top,t_id_k1rScFLB
ID_8P99DAQ6,left,t_id_FBsGDJhU
ID_TAQQB3K2,right,t_id_d6aYXtor
ID_SJA9AFSI,top,t_id_IP3xtKuX
ID_KSXCCVMZ,top,t_id_7gFFZy7i
ID_N58GPHRW,top,t_id_UVQa4BMz
ID_YK0MNJ2N,left,t_id_1KIezxkh
ID_V9JEPA3P,top,t_id_tjWepji1
ID_YVEPI4QK,left,t_id_smNwfXAT
ID_88A7XCJC,top,t_id_G5eoqwD8
ID_E1616ABY,right,t_id_G5eoqwD8
ID_OBXB53RL,right,t_id_QqeoI5F3
ID_2KIZ2SSX,left,t_id_JI6ba2Yx
ID_OMDR6UAR,right,t_id_3K93fQBS
ID_WDQJTAHN,right,t_id_4ZfTUmwL
ID_P121ABSO,left,t_id_IlO9BOKc
ID_4UQDWJ58,top,t_id_ROFhVsy2
ID_QQ57CMG4,right,t_id_JI6ba2Yx
ID_QCMJ1R3C,right,t_id_WXXcPTSW
ID_ILY5B208,right,t_id_ksTLswDT
ID_GUURCI27,left,t_id_2E8o5Jtl
ID_XNS8SR5S,left,t_id_Kf73l69A
ID_SBK2IX9S,left,t_id_0DPPpRUz
ID_DRUTUFVE,top,t_id_3fKmnkBS
ID_T8GUO53E,right,t_id_ksTLswDT
ID_0D2ZJPGL,right,t_id_uJXT7dGu
ID_7FE177TK,right,t_id_pCO59rOk
ID_84R3WB9U,top,t_id_AOWArhGb
ID_WKVO2R02,right,t_id_AMnriNb5
ID_XP78GEEH,Top,t_id_3b65X5Lw
ID_17IHS7MU,top,t_id_AOWArhGb
ID_ICMRXSWD,right,t_id_AOWArhGb
ID_IE8KWIH2,left,t_id_a4VYrmyA
ID_ZZEGHRM5,left,t_id_m2JvEcsg
ID_P1VMEEI7,top,t_id_BI99coHt
ID_2FBSU5IN,right,t_id_8b8sprYe
ID_F0Z888YE,right,t_id_mpuNp8mf
ID_MU5D7R4G,top,t_id_JI6ba2Yx
ID_Y0UPDHST,left,t_id_4ZfTUmwL
ID_AT0KPFQ3,top,t_id_2Yn71r7R
ID_TCDNCKKF,left,t_id_DPYQnZyv
ID_SEWV3JB0,right,t_id_gz3whk0q
ID_OMRKZUGR,top,t_id_7gFFZy7i
ID_5NU130IP,top,t_id_niEvmwXu
ID_3WMD0EOX,right,t_id_mXD9Bjsb
ID_7QHF1SO7,right,t_id_n2FBHk6d
ID_0E36WAY8,right,t_id_2QmcRkNj
ID_SOJDCDOH,right,t_id_WDCMGvI4
ID_6FA6IV5O,top,t_id_Kf73l69A
ID_ZPPQGRA2,right,t_id_8b8sprYe
ID_3IK2E9D5,right,t_id_n2FBHk6d
ID_76MP9I87,left,t_id_a4VYrmyA
ID_F0THKU1D,Right,t_id_k1rScFLB
ID_62UIINJS,right,t_id_0g31STvR
ID_NKPIPQMC,right,t_id_J5dngbNA
ID_KSUSBCGB,top,t_id_hRzOoJ2t
ID_BWDOXI5I,top,t_id_dVQ4x3wz
ID_4DDQCGNA,top,t_id_IlO9BOKc
ID_X4AQS1F5,right,t_id_VP2NW7aV
ID_6R2DK3T6,right,t_id_JI6ba2Yx
ID_N0GC6PJB,right,t_id_m2JvEcsg
ID_NFGZXE2D,left,t_id_pCO59rOk
ID_BC9JEODE,left,t_id_0g31STvR
ID_VG8PXW7K,Top,t_id_k1rScFLB
ID_1X2W3ABD,left,t_id_BXWccqAn
ID_HYAXC1YL,top,t_id_Ts5LyVQz
ID_5K7Z4FCS,right,t_id_m2JvEcsg
ID_S02FL4ID,left,t_id_tjWepji1
ID_36B1ASYK,top,t_id_stWei2Uq
ID_GHW970A6,right,t_id_0g31STvR
ID_Y7MU53B4,left,t_id_gz3whk0q
ID_7HN2MEC6,right,t_id_gJaKYxBQ
ID_WZMZ9XBA,left,t_id_G5eoqwD8
ID_CDLECQ5M,top,t_id_C0wevyOl
ID_38OZ45LI,right,t_id_J24awAHQ
ID_MT7YKZK0,left,t_id_X3bKBWYW
ID_5XRXS3OO,left,t_id_JI6ba2Yx
ID_CQ9IDSKD,top,t_id_15bo4NKD
ID_7FCFWOER,right,t_id_a4VYrmyA
ID_7P8QE2GS,top,t_id_J24awAHQ
ID_2O9XULTA,top,t_id_ip3jsrYo
ID_ULJA2XPE,top,t_id_IlO9BOKc
ID_H0W0FGU3,top,t_id_dVQ4x3wz
ID_M8KSDBW6,left,t_id_fjHGjp1w
ID_DU0KD26P,top,t_id_D0gA44av
ID_Z9VDOO3S,right,t_id_uMOOrQu7
ID_T8O3U5PP,right,t_id_uIlC9Gfo
ID_U68O8V5X,right,t_id_2QmcRkNj
ID_WP5U7QSF,top,t_id_smNwfXAT
ID_3HH7GGZ6,top,t_id_VP2NW7aV
ID_37OGYEDP,right,t_id_iZQiE7wb
ID_KCRUVR9W,right,t_id_stWei2Uq
ID_U7KPVP7L,right,t_id_bYageLYA
ID_46B5FP3X,right,t_id_fjHGjp1w
ID_0TNFUYL8,right,t_id_3K93fQBS
ID_7Y8SXAI6,top,t_id_2QmcRkNj
ID_8T1WQZJE,left,t_id_Imm5pnNf
ID_4KDDR6E0,left,t_id_tjWepji1
ID_M8JKVA7O,top,t_id_D0gA44av
ID_5NER06CD,left,t_id_DPYQnZyv
ID_63BFNF8E,left,t_id_VP2NW7aV
ID_EIVPC3O6,left,t_id_2E8o5Jtl
ID_MZJHWLCE,top,t_id_ksTLswDT
ID_1RSRZF5W,right,t_id_JI6ba2Yx
ID_8PMW5U1H,left,t_id_dhdJMT1K
ID_H2MJAJ5W,top,t_id_uVgs53Cz
ID_NUL9C6NW,right,t_id_Lhp87PBX
ID_1WKRTDSL,top,t_id_dVQ4x3wz
ID_YBWK4C4R,left,t_id_qZ0iZYsC
ID_764Q4WFZ,top,t_id_AOWArhGb
ID_L627K1OF,right,t_id_utw0thCe
ID_9F8SKFKY,top,t_id_dVQ4x3wz
ID_BHC46VJD,top,t_id_qZ0iZYsC
ID_TWT9XMXN,right,t_id_fxTQ5vHC
ID_HP8RVWPA,right,t_id_NW7wn8TC
ID_6881RINB,right,t_id_Kf73l69A
ID_K4LZFKLS,left,t_id_BI99coHt
ID_DXMABDBX,right,t_id_2E8o5Jtl
ID_7ZRGUA9B,left,t_id_bYageLYA
ID_VW3H44ZQ,top,t_id_ZfvZBX4Q
ID_TDRU4IHL,top,t_id_tjWepji1
ID_OOYMQ3BV,left,t_id_niEvmwXu
ID_92UZ20IQ,top,t_id_87CLFCvE
ID_ZLHJADIY,left,t_id_a4VYrmyA
ID_BXVBBAWR,left,t_id_AOWArhGb
ID_OTOVP983,left,t_id_pCO59rOk
ID_ZPYEIZQI,top,t_id_Kf73l69A
ID_C9VEBF8B,right,t_id_FBsGDJhU
ID_TIBSUG79,right,t_id_DPYQnZyv
ID_31Q4VR77,right,t_id_tjWepji1
ID_26I2GKJZ,top,t_id_dc6pjonY
ID_XW4O8N8E,top,t_id_iD9ikw6Y
ID_N69BGA4O,left,t_id_dVQ4x3wz
ID_KSBIHT36,Left,t_id_3b65X5Lw
ID_WT34D0XT,right,t_id_IlO9BOKc
ID_C4MUC4FX,top,t_id_JI6ba2Yx
ID_VYHON58N,right,t_id_tjWepji1
ID_Z44QKKEG,Top,t_id_HxxqrdTx
ID_E5G47YQ8,left,t_id_UVQa4BMz
ID_F9KS2PWF,left,t_id_hRzOoJ2t
ID_YOA4VDQQ,left,t_id_stWei2Uq
ID_PFV2EGF9,left,t_id_m2JvEcsg
ID_PVTT5ZKJ,top,t_id_SwQZGIpa
ID_4F311WF5,right,t_id_ip3jsrYo
ID_V1N07YAE,top,t_id_hRzOoJ2t
ID_SEKQSWSL,Right,t_id_HxxqrdTx
ID_T1KNJO5G,right,t_id_VP2NW7aV
ID_FEB9T2KD,right,t_id_Kc1tXDbJ
ID_UHU1IIQC,top,t_id_n2FBHk6d
ID_4J2HAZMF,left,t_id_8b8sprYe
ID_FLOEXSVU,left,t_id_Ts5LyVQz
ID_BT0K4YWB,left,t_id_m2JvEcsg
ID_DR1RFA8N,top,t_id_7gFFZy7i
ID_9BUTQC0Z,right,t_id_ksTLswDT
ID_LEB8RNZI,top,t_id_G5eoqwD8
ID_QEVT6JM8,right,t_id_AOWArhGb
ID_BZMWVG2Z,left,t_id_dVQ4x3wz
ID_T0RVOG8N,right,t_id_C0wevyOl
ID_ZKUBFJI7,top,t_id_JI6ba2Yx
ID_WR45RUOR,top,t_id_pCO59rOk
ID_NL03TGV4,right,t_id_m2JvEcsg
ID_V907KMLK,left,t_id_tjWepji1
ID_1LGEYXUO,right,t_id_BXWccqAn
ID_5ZX8LSS7,top,t_id_ifWwxWF4
ID_JLJSSMNQ,left,t_id_fjHGjp1w
ID_PLSE0TWE,top,t_id_X3bKBWYW
ID_U1MVW6S7,top,t_id_iZQiE7wb
ID_UY2ETNZB,top,t_id_ROFhVsy2
ID_KT6FCS0X,top,t_id_tjWepji1
ID_MHDKVZD2,top,t_id_bYageLYA
ID_UQNK7X0M,left,t_id_2E8o5Jtl
ID_8M2Z12BM,left,t_id_ksTLswDT
ID_7UQA9P2D,left,t_id_uJXT7dGu
ID_Q3BEGYDZ,left,t_id_9GFmcOd5
ID_JQAYLBV5,Top,t_id_GOIvCduN
ID_LPP8P5OF,top,t_id_a4VYrmyA
ID_0S3VQPSJ,left,t_id_72SiiZCp
ID_X0MM2VYN,top,t_id_DPYQnZyv
ID_EDZDTAIN,top,t_id_uIlC9Gfo
ID_J21SB4AN,top,t_id_EEbWq5Pj
ID_SRH3IZ3U,right,t_id_8b8sprYe
ID_LAPPUTJ2,left,t_id_9GFmcOd5
ID_Z04LDJBY,right,t_id_2Yn71r7R
ID_GDN27X50,right,t_id_G5eoqwD8
ID_Q99RU2UB,top,t_id_15bo4NKD
ID_KK099R7F,right,t_id_15bo4NKD
ID_IRI9KYSS,top,t_id_9GFmcOd5
ID_3YAV8O0C,top,t_id_NW7wn8TC
ID_SEAPBGHV,left,t_id_ZfvZBX4Q
ID_7P7AES1R,right,t_id_7gFFZy7i
ID_D01WTSCG,right,t_id_ZfvZBX4Q
ID_1PXR5D4Y,right,t_id_0g31STvR
ID_GIJMFOY8,top,t_id_FBsGDJhU
ID_WZL2E48U,top,t_id_fxTQ5vHC
ID_6GFKRO0E,right,t_id_UVQa4BMz
ID_MUVUC92H,top,t_id_Ts5LyVQz
ID_GGSJXPTX,right,t_id_WDCMGvI4
ID_W5BYB235,top,t_id_AOWArhGb
ID_9ADVDP9I,top,t_id_BI99coHt
ID_2DHZ5XI3,top,t_id_2E8o5Jtl
ID_BJCPAJN4,right,t_id_VP2NW7aV
ID_53XXG3MF,right,t_id_8b8sprYe
ID_8M2XH14P,left,t_id_VP2NW7aV
ID_WR22JJ6C,right,t_id_tjWepji1
ID_S9LI7L4Z,top,t_id_EEbWq5Pj
ID_1HVIO966,left,t_id_WDCMGvI4
ID_XC6ILSIU,top,t_id_iZQiE7wb
ID_H5C7TDY7,left,t_id_VP2NW7aV
ID_TN3XKGKU,right,t_id_utw0thCe
ID_76AJYILO,right,t_id_NW7wn8TC
ID_T1D1QH16,top,t_id_Dv4O8bOM
ID_S2SH4EIH,left,t_id_d6aYXtor
ID_LFGSPQMJ,left,t_id_utw0thCe
ID_WAV9Q5DP,top,t_id_uIlC9Gfo
ID_UC3C1JCG,right,t_id_AOWArhGb
ID_5FYXVKCD,left,t_id_G5eoqwD8
ID_EZZ6R7T4,top,t_id_tjWepji1
ID_4IFPM26V,right,t_id_C0wevyOl
ID_01L54J3D,left,t_id_d6aYXtor
ID_UI1EJ6HH,left,t_id_8b8sprYe
ID_X86WZFKF,top,t_id_0g31STvR
ID_Y2UGVJ78,top,t_id_fxTQ5vHC
ID_I9NOT9BE,left,t_id_9GFmcOd5
ID_L26HMPAO,left,t_id_dc6pjonY
ID_0Y7REA36,left,t_id_G5eoqwD8
ID_7ULUMUZV,right,t_id_hRzOoJ2t
ID_R5SZZUB7,left,t_id_UVQa4BMz
ID_D9J2KNJY,left,t_id_Kf73l69A
ID_AGM9I0H6,top,t_id_g9Fz8PH7
ID_GUOTLMU0,right,t_id_7gFFZy7i
ID_PYPJZPP4,top,t_id_Imm5pnNf
ID_LNCG6IFM,top,t_id_gJaKYxBQ
ID_UMYSZL5W,left,t_id_uIlC9Gfo
ID_8I4RMFCW,left,t_id_JI6ba2Yx
ID_092X1NP4,left,t_id_fxTQ5vHC
ID_7AXW07C3,right,t_id_G5eoqwD8
ID_3AHN59NJ,Left,t_id_3b65X5Lw
ID_E4JYPILU,top,t_id_fjHGjp1w
ID_3GP5P255,left,t_id_MwnEYfqe
ID_ESAWYM72,left,t_id_X3bKBWYW
ID_5AODRFJJ,left,t_id_d6aYXtor
ID_INU2QQIP,left,t_id_Kc1tXDbJ
ID_COJX19QY,left,t_id_SwQZGIpa
ID_KKAI6BOT,left,t_id_ROFhVsy2
ID_O18PWPFZ,right,t_id_9GFmcOd5
ID_Q9QV0QXI,top,t_id_NW7wn8TC
ID_5NUVMDYX,top,t_id_tjWepji1
ID_WHHE83HN,top,t_id_m2JvEcsg
ID_448G8JTW,left,t_id_fxTQ5vHC
ID_0JDDE04I,top,t_id_uIlC9Gfo
ID_A0A4OOQO,left,t_id_SwQZGIpa
ID_YEN2BC1W,left,t_id_GrxmyS59
ID_46EAWUTG,right,t_id_DPYQnZyv
ID_6II0YDFZ,right,t_id_AOWArhGb
ID_AFCEU3MQ,right,t_id_fjHGjp1w
ID_U2MFDJK0,right,t_id_smNwfXAT
ID_C1NCP47J,left,t_id_m2JvEcsg
ID_6BKRV6RP,Left,t_id_k1rScFLB
ID_L8P0M6XX,Top,t_id_p77GDtzg
ID_0J1NXY6D,right,t_id_dVQ4x3wz
ID_ZUMC1VTV,right,t_id_YjXYTCGC
ID_AKA2B1J9,right,t_id_iD9ikw6Y
ID_9BYHCQ70,left,t_id_KysHzQQK
ID_USIEXBII,right,t_id_DbmclTcj
ID_HSV698LJ,top,t_id_ROFhVsy2
ID_YOBMEXDO,left,t_id_HcnnlRda
ID_W8L85TKG,top,t_id_Kf73l69A
ID_ZPQAQG9M,right,t_id_WDCMGvI4
ID_QVTKT4MU,top,t_id_ROFhVsy2
ID_SBVHB3CS,top,t_id_2E8o5Jtl
ID_MDTA7NL9,left,t_id_C0wevyOl
ID_5W8QV1MZ,right,t_id_g9Fz8PH7
ID_6RC53SQA,left,t_id_fjHGjp1w
ID_468WEHQW,left,t_id_ip3jsrYo
ID_PD9FT13D,left,t_id_Dv4O8bOM
ID_L4O6H0WC,top,t_id_8b8sprYe
ID_LK33VB3I,top,t_id_2Yn71r7R
ID_YZMYVCTX,left,t_id_J24awAHQ
ID_10EJKPAF,left,t_id_uIlC9Gfo
ID_QDJ0DNWU,top,t_id_fjHGjp1w
ID_IWPQ13C0,right,t_id_8b8sprYe
ID_DICNL24P,right,t_id_hRzOoJ2t
ID_DT2BDLSE,left,t_id_hRzOoJ2t
ID_JTWX8MUD,left,t_id_DPYQnZyv
ID_RT415HV4,Top,t_id_HxxqrdTx
ID_BYS1NPDS,top,t_id_dhdJMT1K
ID_LWEHAEWP,top,t_id_WDCMGvI4
ID_GYXNQFQU,top,t_id_fxTQ5vHC
ID_K0EKEOD7,top,t_id_mpuNp8mf
ID_0NFH1PZ6,top,t_id_ksTLswDT
ID_8MQYHN2I,left,t_id_GrxmyS59
ID_238OFM66,Right,t_id_HxxqrdTx
ID_V8B10QFC,left,t_id_ROFhVsy2
ID_F6FHUTTW,right,t_id_fxTQ5vHC
ID_W0E97ERF,right,t_id_Kf73l69A
ID_1X4FFXET,top,t_id_tjWepji1
ID_D83HPVWW,right,t_id_15bo4NKD
ID_FSOODWS3,right,t_id_Ts5LyVQz
ID_S5A2A76Z,top,t_id_VP2NW7aV
ID_O2UNFDY1,left,t_id_WXXcPTSW
ID_ISZW2N05,left,t_id_7gFFZy7i
ID_A5GNHRPS,right,t_id_ROFhVsy2
ID_HQRV6Z3B,right,t_id_a4VYrmyA
ID_V79RH4O4,Right,t_id_p77GDtzg
ID_66CXU9J1,top,t_id_C0wevyOl
ID_WB0WX0MF,right,t_id_ROFhVsy2
ID_UXZYH5HE,right,t_id_AOWArhGb
ID_MFVYXJL1,left,t_id_15bo4NKD
ID_9XGSBVAT,Left,t_id_3b65X5Lw
ID_L59Q4TYX,right,t_id_2QmcRkNj
ID_XJEFULMZ,right,t_id_3K93fQBS
ID_9JRSLKW0,top,t_id_Lhp87PBX
ID_BN1A9XEW,left,t_id_hRzOoJ2t
ID_NKDSR9HH,right,t_id_GrxmyS59
ID_O999K22E,left,t_id_C0wevyOl
ID_Q8X41AWV,top,t_id_bYageLYA
ID_1HCBWQRK,top,t_id_iD9ikw6Y
ID_1OND9SX7,right,t_id_Dv4O8bOM
ID_IV15FDA6,left,t_id_VP2NW7aV
ID_WUJE5IVL,left,t_id_HcnnlRda
ID_7MLEFE2D,top,t_id_utw0thCe
ID_QJ5F7RD4,top,t_id_DPYQnZyv
ID_JEBL86OI,left,t_id_fxTQ5vHC
ID_FZYPO5TN,Top,t_id_B7LaSiac
ID_9K9O05CF,left,t_id_GrxmyS59
ID_0XJG7PXU,right,t_id_a4VYrmyA
ID_HTLONLHS,Left,t_id_B7LaSiac
ID_ITM2EG3W,left,t_id_87CLFCvE
ID_XSD2A9NA,left,t_id_JI6ba2Yx
ID_98M7GV75,right,t_id_D7NA71la
ID_I7QE9F5U,left,t_id_fjHGjp1w
ID_UFML5MGF,right,t_id_Kf73l69A
ID_PGI3L6MX,top,t_id_BXWccqAn
ID_E39FR0Y6,top,t_id_C0wevyOl
ID_8SVPNX4Q,right,t_id_Kc1tXDbJ
ID_KSSDB8DT,left,t_id_a4VYrmyA
ID_JV1X8JWE,right,t_id_pCO59rOk
ID_68TO7VYJ,left,t_id_a4VYrmyA
ID_WSAF9MYE,left,t_id_G5eoqwD8
ID_UT6XV3VZ,right,t_id_IlO9BOKc
ID_1S6V7HAH,left,t_id_fjHGjp1w
ID_QZ8SX59E,Right,t_id_3b65X5Lw
ID_GS4QRIXM,left,t_id_Kf73l69A
ID_ZNX3OHFH,top,t_id_ROFhVsy2
ID_E2DV9MCI,right,t_id_EEbWq5Pj
ID_AS80AMY1,top,t_id_fxTQ5vHC
ID_B3G84M72,top,t_id_DPYQnZyv
ID_GTOUU2SY,left,t_id_QqeoI5F3
ID_PBE1TTGD,right,t_id_FBsGDJhU
ID_EBG551JB,top,t_id_Kf73l69A
ID_QUX7JS85,left,t_id_a4VYrmyA
ID_85O1N52I,left,t_id_uMOOrQu7
ID_7D427U5A,right,t_id_fxTQ5vHC
ID_DZ3SS9KE,left,t_id_2E8o5Jtl
ID_3L5MO2LW,right,t_id_7gFFZy7i
ID_ZPVWRVTV,right,t_id_uIlC9Gfo
ID_25AN41F8,right,t_id_VP2NW7aV
ID_3646J5ZS,right,t_id_BI99coHt
ID_DBYS9YUA,right,t_id_uJXT7dGu
ID_I8VQY0H6,right,t_id_4ZfTUmwL
ID_B4PCCS10,Left,t_id_HxxqrdTx
ID_I56EIVQC,top,t_id_2E8o5Jtl
ID_FHGR2ULK,top,t_id_VP2NW7aV
ID_CZ2YWPC1,left,t_id_DbmclTcj
ID_B75IVBE2,right,t_id_2QmcRkNj
ID_QA4P32OC,top,t_id_GrxmyS59
ID_ZSVLTDNK,right,t_id_uJXT7dGu
ID_2AWOJQ6G,top,t_id_7gFFZy7i
ID_A1ZK5WL7,left,t_id_NW7wn8TC
ID_UC0NFKIH,left,t_id_UVQa4BMz
ID_6I8GO8DU,left,t_id_mXD9Bjsb
ID_M14B47DE,right,t_id_FBsGDJhU
ID_2DTFZN5E,right,t_id_NW7wn8TC
ID_J0V1VGA9,right,t_id_Ts5LyVQz
ID_DI0CUJ52,right,t_id_hRzOoJ2t
ID_7YLCHKFY,right,t_id_uMOOrQu7
ID_54N0JYY9,right,t_id_SwQZGIpa
ID_3RTMTX0P,left,t_id_ZfvZBX4Q
ID_1LOGRZ1C,left,t_id_ifWwxWF4
ID_UFK0CS7U,right,t_id_MwnEYfqe
ID_V0YW05GZ,top,t_id_tjWepji1
ID_IZMRDCRB,right,t_id_MwnEYfqe
ID_ZAX7JB5Z,right,t_id_m2JvEcsg
ID_EXRTU2PV,top,t_id_stWei2Uq
ID_OIQGRALC,left,t_id_hRzOoJ2t
ID_YEXO5W9L,top,t_id_Kf73l69A
ID_TL8XQRVC,right,t_id_VFb44eFm
ID_CI2MXABP,right,t_id_utw0thCe
ID_JI8FXWSB,left,t_id_15bo4NKD
ID_BDOBI6O7,left,t_id_n2FBHk6d
ID_RUNQ2FIM,right,t_id_gz3whk0q
ID_7OPOK0H3,top,t_id_tjWepji1
ID_92HCXOZ1,right,t_id_G5JLzvai
ID_P64FEB43,top,t_id_hibDzPAP
ID_9TVXYZ73,Top,t_id_GOIvCduN
ID_RQ5Z29DS,Right,t_id_3b65X5Lw
ID_I1IPAQJO,Left,t_id_k1rScFLB
ID_ZF6IMKBT,top,t_id_AMnriNb5
ID_SPJB293P,left,t_id_g9Fz8PH7
ID_95SAQJ24,left,t_id_ip3jsrYo
ID_DL3PETJW,top,t_id_BXWccqAn
ID_I27BM7GL,right,t_id_YjXYTCGC
ID_995DUU69,left,t_id_Kf73l69A
ID_WQ8GEGSW,left,t_id_VP2NW7aV
ID_CJB8RQFJ,right,t_id_2E8o5Jtl
ID_285ACCWE,left,t_id_fjHGjp1w
ID_6HEJXWEZ,left,t_id_pCO59rOk
ID_ZXM8MLS2,top,t_id_2QmcRkNj
ID_EPFEG2AL,Left,t_id_HxxqrdTx
ID_1IP252Y3,left,t_id_D0gA44av
ID_WTZ4VB8R,left,t_id_Ts5LyVQz
ID_IJR8S54Z,top,t_id_EEbWq5Pj
ID_KGL8840K,right,t_id_D0gA44av
ID_OI53ZV4Y,top,t_id_WDCMGvI4
ID_2PIUB1MK,left,t_id_G5JLzvai
ID_L2WZI509,right,t_id_VP2NW7aV
ID_LA8TJDXO,right,t_id_EEbWq5Pj
ID_CO294IXK,top,t_id_JI6ba2Yx
ID_NOUXZBV1,left,t_id_AMnriNb5
ID_K2LRXM0U,right,t_id_dc6pjonY
ID_92TMYGUQ,right,t_id_stWei2Uq
ID_RR7BJ2U8,left,t_id_BI99coHt
ID_2HBGMZLT,right,t_id_BI99coHt
ID_I9VYL0O6,Top,t_id_p77GDtzg
ID_Z6INHH8P,top,t_id_JI6ba2Yx
ID_SF1FFVIQ,left,t_id_7gFFZy7i
ID_XTHH4MP6,Right,t_id_3b65X5Lw
ID_OCAWIDVX,right,t_id_DPYQnZyv
ID_S4398946,left,t_id_9GFmcOd5
ID_RQTR2TVL,left,t_id_hRzOoJ2t
ID_J46HC1UN,top,t_id_DPYQnZyv
ID_IRMO86CA,right,t_id_Kf73l69A
ID_HLIYGNC5,Left,t_id_B7LaSiac
ID_EQ7UCDAU,right,t_id_YjXYTCGC
ID_QOUS7XD6,left,t_id_3K93fQBS
ID_41LEJCPQ,left,t_id_9GFmcOd5
ID_YSA5MYSL,Right,t_id_3b65X5Lw
ID_7261QP1V,right,t_id_JI6ba2Yx
ID_04LIX78Y,right,t_id_dhdJMT1K
ID_LVMJ6BNM,left,t_id_QqeoI5F3
ID_4CX2W0N8,top,t_id_gz3whk0q
ID_QX98XWID,right,t_id_GrxmyS59
ID_D1DUDI0C,right,t_id_VP2NW7aV
ID_HU0VVZ12,left,t_id_MwnEYfqe
ID_EWAKGY2B,left,t_id_9GFmcOd5
ID_NCCLGORA,right,t_id_3K93fQBS
ID_GQAIZ525,left,t_id_DPYQnZyv
ID_IVFQWOSL,right,t_id_Ts5LyVQz
ID_G54YJ4LX,top,t_id_YjXYTCGC
ID_1M9YNQGR,right,t_id_dhdJMT1K
ID_QJS1EGFB,top,t_id_2Yn71r7R
ID_3KPZ2UKO,right,t_id_utw0thCe
ID_YKJZM0QU,top,t_id_tjWepji1
ID_YJK1SO40,right,t_id_0g31STvR
ID_TYX5EA30,right,t_id_Kf73l69A
ID_ULCE86UH,right,t_id_IlO9BOKc
ID_BBQBFZDE,left,t_id_stWei2Uq
ID_WXZGW6WG,top,t_id_ifWwxWF4
ID_LZ2KEHGP,top,t_id_4XiPKIk7
ID_6G5KX0PY,left,t_id_AOWArhGb
ID_VSXDS4MQ,top,t_id_utw0thCe
ID_TT08S3B2,left,t_id_G5eoqwD8
ID_P81MPNDW,right,t_id_a4VYrmyA
ID_TLQIWFDN,top,t_id_GrxmyS59
ID_QHE3ZNI5,top,t_id_uMOOrQu7
ID_S04AGHSE,right,t_id_Kf73l69A
ID_TW1GLCKK,left,t_id_Ts5LyVQz
ID_KUJA3XZT,top,t_id_ROFhVsy2
ID_VOVS77GV,right,t_id_MwnEYfqe
ID_CWWW0GH2,left,t_id_m2JvEcsg
ID_21FM67IR,right,t_id_Kf73l69A
ID_XAOLVKBY,left,t_id_ROFhVsy2
ID_2JSFJ5UR,top,t_id_1KIezxkh
ID_BPZR1LPN,top,t_id_AOWArhGb
ID_3STIX7OB,top,t_id_a4VYrmyA
ID_Q1TF3HZU,left,t_id_stWei2Uq
ID_BERQGBH1,top,t_id_VP2NW7aV
ID_MEEFD8ZQ,right,t_id_WDCMGvI4
ID_X54GU2KR,top,t_id_8b8sprYe
ID_XC353Q9M,right,t_id_7gFFZy7i
ID_JSSL5YBX,top,t_id_Kf73l69A
ID_CWXXHFTT,left,t_id_fjHGjp1w
ID_CWKSLIVL,top,t_id_VP2NW7aV
ID_WQON3OI3,top,t_id_uIlC9Gfo
ID_7TYUGEQL,top,t_id_AOWArhGb
ID_7OWKA8Q7,right,t_id_WDCMGvI4
ID_VNSDR3P4,top,t_id_3fKmnkBS
ID_JHQANYOQ,top,t_id_D7NA71la
ID_OQH8ZKLC,left,t_id_ROFhVsy2
ID_E70GZVTX,top,t_id_NW7wn8TC
ID_W09ZC1RA,right,t_id_uVgs53Cz
ID_X77R33KF,top,t_id_AMnriNb5
ID_QWZ373O0,top,t_id_a4VYrmyA
ID_3TK2290E,right,t_id_a4VYrmyA
ID_5V9AK0J6,right,t_id_IP3xtKuX
ID_SMLKP7NW,top,t_id_4XiPKIk7
ID_H4E5XE36,top,t_id_D7NA71la
ID_96X24TK5,right,t_id_WDCMGvI4
ID_IOQIRGLS,left,t_id_AOWArhGb
ID_QIVYUKVT,left,t_id_tjWepji1
ID_DA9HCIT2,left,t_id_qZ0iZYsC
ID_NTO6XITQ,top,t_id_Ts5LyVQz
ID_WWRZUCZN,left,t_id_ROFhVsy2
ID_LGYTF0YE,right,t_id_ROFhVsy2
ID_PSRW7B2P,top,t_id_ROFhVsy2
ID_MXI14FK1,top,t_id_ROFhVsy2
ID_WECNV339,Top,t_id_p77GDtzg
ID_RCD6NZOJ,right,t_id_bYageLYA
ID_ZQIXNT65,left,t_id_uMOOrQu7
ID_50NW1F9Y,right,t_id_hRzOoJ2t
ID_T25YWGAA,top,t_id_2QmcRkNj
ID_V1WYS9MC,top,t_id_IP1t15lD
ID_YAKESNII,right,t_id_SwQZGIpa
ID_G73HB4JQ,left,t_id_g9Fz8PH7
ID_7G2Q5Y8N,top,t_id_tjWepji1
ID_OHOUJH8Q,top,t_id_pCO59rOk
ID_WSBWRZRH,right,t_id_VP2NW7aV
ID_4XTTZZKV,top,t_id_IP3xtKuX
ID_QWH2TODQ,top,t_id_dVQ4x3wz
ID_OP81LG70,top,t_id_GrxmyS59
ID_7UY4QK99,right,t_id_QqeoI5F3
ID_CFW64QE5,left,t_id_DPYQnZyv
ID_395HP0WK,right,t_id_OqU1NWEA
ID_46GASB8T,left,t_id_D3kHUEgp
ID_N0LP63WF,top,t_id_ZfvZBX4Q
ID_C035DC5E,top,t_id_Kf73l69A
ID_O78PRKPK,right,t_id_dVQ4x3wz
ID_KU67QH4D,right,t_id_fxTQ5vHC
ID_OJ6DQV95,left,t_id_hRzOoJ2t
ID_FPBVYYCN,right,t_id_hRzOoJ2t
ID_MYGE2LAX,right,t_id_SwQZGIpa
ID_MNZ5HWUT,right,t_id_4ZfTUmwL
ID_LVL0F31H,right,t_id_Kf73l69A
ID_VOXWI65Z,right,t_id_72SiiZCp
ID_I3D54T8B,right,t_id_bYageLYA
ID_55O9EG4V,top,t_id_IlO9BOKc
ID_Q98QK3RA,top,t_id_YjXYTCGC
ID_RCCYBVS6,left,t_id_SwQZGIpa
ID_G1PCS174,right,t_id_ip3jsrYo
ID_XA9CEPXR,right,t_id_Kf73l69A
ID_8N6MB24N,right,t_id_8b8sprYe
ID_9H5QANIG,right,t_id_d6aYXtor
ID_3T6695EQ,left,t_id_D0gA44av
ID_C7JUU9XS,left,t_id_VFb44eFm
ID_02445SY2,top,t_id_GrxmyS59
ID_PICOLFZU,right,t_id_VP2NW7aV
ID_AI7H5EOG,left,t_id_9GFmcOd5
ID_DV9TFLZE,left,t_id_uVgs53Cz
ID_H9QQNVD3,right,t_id_AOWArhGb
ID_HTU4CYO3,top,t_id_Imm5pnNf
ID_J6VPHQJA,right,t_id_dVQ4x3wz
ID_IU8B3GQK,left,t_id_NW7wn8TC
ID_JFNEU319,right,t_id_gGQbn7FA
ID_P0ZXZ6Z0,right,t_id_ROFhVsy2
ID_VUYC58P2,top,t_id_tjWepji1
ID_5U8D1PCO,left,t_id_VFb44eFm
ID_NNG71HQ6,right,t_id_dVQ4x3wz
ID_1KH9MS93,right,t_id_qZ0iZYsC
ID_C0N0F1YG,top,t_id_4ZfTUmwL
ID_Z6E08HWW,right,t_id_ROFhVsy2
ID_DUTGS2TF,top,t_id_qZ0iZYsC
ID_3NN7SJN0,left,t_id_uJXT7dGu
ID_HAIKS72J,right,t_id_IlO9BOKc
ID_AZHUUYMI,left,t_id_WDCMGvI4
ID_OWRU1MUU,right,t_id_BI99coHt
ID_1PCD0HJG,top,t_id_AMnriNb5
ID_7WJBXFO6,top,t_id_9GFmcOd5
ID_N0B36HI0,right,t_id_fjHGjp1w
ID_27U9A3K5,right,t_id_fjHGjp1w
ID_ZK1P299I,right,t_id_SwQZGIpa
ID_H6BVTDIA,right,t_id_smNwfXAT
ID_HMZR9QQ5,top,t_id_n2FBHk6d
ID_YIWTSNP5,right,t_id_2E8o5Jtl
ID_6RHG0TO5,left,t_id_IlO9BOKc
ID_J6BXE80W,right,t_id_tjWepji1
ID_UD8VS1PA,right,t_id_dVQ4x3wz
ID_LGWCIVW2,left,t_id_utw0thCe
ID_ILCTHPLW,top,t_id_0DPPpRUz
ID_UQ5SGR75,left,t_id_JI6ba2Yx
ID_5SFBZZXF,left,t_id_GrxmyS59
ID_JE8B7P9A,top,t_id_D3kHUEgp
ID_2UW7PDL4,top,t_id_ZfvZBX4Q
ID_DHOEDCCE,top,t_id_GrxmyS59
ID_DU319CIT,top,t_id_SwQZGIpa
ID_JS9CJCHX,top,t_id_dVQ4x3wz
ID_CK7PY9VI,left,t_id_niEvmwXu
ID_YRVSS1VX,top,t_id_hRzOoJ2t
ID_7461MO1H,top,t_id_2E8o5Jtl
ID_8BR5UY61,top,t_id_mXD9Bjsb
ID_3CSDCABB,left,t_id_a4VYrmyA
ID_PMUAUFO8,right,t_id_gz3whk0q
ID_11D03T8G,top,t_id_fjHGjp1w
ID_I0W2ETFT,left,t_id_VP2NW7aV
ID_SMU4NVJQ,top,t_id_smNwfXAT
ID_X5S9LZBZ,left,t_id_uJXT7dGu
ID_RIG8UJLF,top,t_id_9GFmcOd5
ID_TDZ9Y6G0,right,t_id_1KIezxkh
ID_GGJR7KVR,top,t_id_mpuNp8mf
ID_5GS9NLVJ,left,t_id_n2FBHk6d
ID_BZE59S10,right,t_id_D3kHUEgp
ID_DVTY6BRU,right,t_id_m2JvEcsg
ID_8HAJ1J4P,right,t_id_VFb44eFm
ID_YTSHFQKS,top,t_id_72SiiZCp
ID_U4NL1N7O,top,t_id_VP2NW7aV
ID_HNUGEYRR,top,t_id_WDCMGvI4
ID_YK7TA9Q5,left,t_id_gJaKYxBQ
ID_14NTXGCE,left,t_id_JI6ba2Yx
ID_5Q1DKR1L,top,t_id_1KIezxkh
ID_4379LDH7,left,t_id_MwnEYfqe
ID_V93C6L5U,right,t_id_2Yn71r7R
ID_H8CWDLOL,left,t_id_iZQiE7wb
ID_RK5AVSOO,right,t_id_ksTLswDT
ID_257XTVSR,right,t_id_ROFhVsy2
ID_DKHVGRWT,left,t_id_Kf73l69A
ID_6UUOIMP6,top,t_id_G5eoqwD8
ID_5LV034YU,right,t_id_G5eoqwD8
ID_PIDP583F,right,t_id_2Yn71r7R
ID_VX980CQX,top,t_id_dVQ4x3wz
ID_VR8O6537,left,t_id_1KIezxkh
ID_HERL6PW4,right,t_id_stWei2Uq
ID_TJ2DY755,right,t_id_stWei2Uq
ID_BS922PM8,left,t_id_DbmclTcj
ID_GNZB4OKM,top,t_id_8b8sprYe
ID_O420ITVF,right,t_id_dhdJMT1K
ID_WXE4FHF7,top,t_id_hibDzPAP
ID_9NDO7ZG1,top,t_id_n2FBHk6d
ID_CWV1MOTM,left,t_id_JI6ba2Yx
ID_OKMQPAM0,right,t_id_4ZfTUmwL
ID_4KPHQCAG,left,t_id_JI6ba2Yx
ID_8PUFUYG5,left,t_id_uJXT7dGu
ID_EH07LWKV,top,t_id_QqeoI5F3
ID_4JFRRRKV,right,t_id_VP2NW7aV
ID_YL3RFAH8,top,t_id_WDCMGvI4
ID_BNRF5RP4,right,t_id_DPYQnZyv
ID_R7GK2YXP,top,t_id_0DPPpRUz
ID_QGPN8J8Y,top,t_id_e9i3Lbq4
ID_G8BA8KUL,right,t_id_hRzOoJ2t
ID_RNM8OM7F,top,t_id_VP2NW7aV
ID_58YOXVJA,right,t_id_Kf73l69A
ID_NT2HMCT8,left,t_id_dVQ4x3wz
ID_L3X9XLU4,right,t_id_Kc1tXDbJ
ID_1RZIFCHC,Top,t_id_B7LaSiac
ID_VJW93N5H,top,t_id_hRzOoJ2t
ID_WDT93AWO,top,t_id_YjXYTCGC
ID_JT0LTQYH,left,t_id_DPYQnZyv
ID_BO1DW6XF,left,t_id_3fKmnkBS
ID_364YVU2F,right,t_id_DPYQnZyv
ID_RHIZ5JCH,left,t_id_m2JvEcsg
ID_RLIZVEED,right,t_id_3fKmnkBS
ID_R6FNHXTC,left,t_id_JI6ba2Yx
ID_A2X10RIZ,Left,t_id_B7LaSiac
ID_9A6PZ5RL,left,t_id_MwnEYfqe
ID_IAJCHSYC,right,t_id_uIlC9Gfo
ID_4SLZW39D,top,t_id_gz3whk0q
ID_HSH4JUBX,left,t_id_AOWArhGb
ID_3SSUOD1F,left,t_id_GrxmyS59
ID_LAKPFD3O,top,t_id_Ts5LyVQz
ID_8CCXJZCC,left,t_id_D0gA44av
ID_AV65K2ZM,top,t_id_3fKmnkBS
ID_V5LSL5Z9,top,t_id_15bo4NKD
ID_E85JKO99,top,t_id_stWei2Uq
ID_ZQFWH4DC,top,t_id_VP2NW7aV
ID_7BSHGZXH,top,t_id_bYageLYA
ID_VVPRSRKM,top,t_id_fxTQ5vHC
ID_IBGWPAT7,top,t_id_ip3jsrYo
ID_K6OCTEDV,right,t_id_IP1t15lD
ID_GSSN8LOS,left,t_id_JI6ba2Yx
ID_U3T9YERI,left,t_id_ROFhVsy2
ID_0MGFWAOV,Left,t_id_GOIvCduN
ID_QGNMSTJP,top,t_id_DPYQnZyv
ID_51Z2ZUG4,right,t_id_hRzOoJ2t
ID_08R685XU,left,t_id_m2JvEcsg
ID_0WG9U1GO,top,t_id_15bo4NKD
ID_OTFIFVLC,left,t_id_JI6ba2Yx
ID_1IZ8T62C,left,t_id_ROFhVsy2
ID_YS14H0HC,Right,t_id_HxxqrdTx
ID_8L59BX9P,left,t_id_EEbWq5Pj
ID_W8BB787Y,right,t_id_hibDzPAP
ID_743SC158,top,t_id_ZfvZBX4Q
ID_PS27ESKX,right,t_id_ZfvZBX4Q
ID_48KBQF5K,top,t_id_G5eoqwD8
ID_VL0GJ6LH,right,t_id_tjWepji1
ID_1V7S2G5A,top,t_id_IP1t15lD
ID_HO2FH8B0,left,t_id_ROFhVsy2
ID_19YCCES6,right,t_id_ROFhVsy2
ID_BIBXD90K,left,t_id_VP2NW7aV
ID_848YVHA1,left,t_id_IP3xtKuX
ID_1JC1FD54,top,t_id_a4VYrmyA
ID_AUGZPUJ8,left,t_id_AOWArhGb
ID_ASS0B6UK,top,t_id_1KIezxkh
ID_97EFYTL9,top,t_id_gz3whk0q
ID_AX5J06P5,right,t_id_uVgs53Cz
ID_17MTCQYM,top,t_id_UVQa4BMz
ID_TJPAERCY,left,t_id_72SiiZCp
ID_623ULKH1,left,t_id_YjXYTCGC
ID_G5DEQPLK,right,t_id_7gFFZy7i
ID_ND8HHJQM,top,t_id_n2FBHk6d
ID_XGNKY84Y,right,t_id_smNwfXAT
ID_JFHTQB9S,top,t_id_dVQ4x3wz
ID_UJ5YOAP8,left,t_id_WDCMGvI4
ID_XM6LJUSC,right,t_id_Ts5LyVQz
ID_HTBZ0DST,top,t_id_8b8sprYe
ID_HD113138,left,t_id_HcnnlRda
ID_EI8V5441,right,t_id_tjWepji1
ID_Y2J0HJLP,left,t_id_dVQ4x3wz
ID_V37P9JTD,top,t_id_hRzOoJ2t
ID_OE5XCONY,top,t_id_FBsGDJhU
ID_9DYBDN69,right,t_id_FBsGDJhU
ID_U0RAZNI5,right,t_id_Kf73l69A
ID_IHMG1UN5,left,t_id_G5JLzvai
ID_M3PD6Z4X,right,t_id_gJaKYxBQ
ID_MHJ9ZL5D,top,t_id_G5eoqwD8
ID_RO8IU5BX,right,t_id_WXXcPTSW
ID_XNTITWPE,left,t_id_GrxmyS59
ID_IQGP4K9B,left,t_id_VP2NW7aV
ID_9VJIRSHA,left,t_id_Kf73l69A
ID_KABBIRA8,top,t_id_DPYQnZyv
ID_FML0ESBM,left,t_id_d6aYXtor
ID_BYHDTJQH,top,t_id_Kf73l69A
ID_4123DJRO,left,t_id_7gFFZy7i
ID_CU4AUX7O,top,t_id_AOWArhGb
ID_YRVN79SK,top,t_id_iD9ikw6Y
ID_EV65D3J0,top,t_id_G5JLzvai
ID_OLE0F230,right,t_id_hRzOoJ2t
ID_76UDU8G8,top,t_id_IlO9BOKc
ID_99LOFERZ,left,t_id_72SiiZCp
ID_21JGZOYU,top,t_id_dVQ4x3wz
ID_3R63YUGO,right,t_id_Imm5pnNf
ID_9QPFF5JP,right,t_id_mpuNp8mf
ID_WQQRPJMX,left,t_id_fjHGjp1w
ID_FLPLIA32,top,t_id_uJXT7dGu
ID_ETO57GUA,top,t_id_dVQ4x3wz
ID_5KZ6EJ33,right,t_id_Kf73l69A
ID_GAC6ONML,top,t_id_tjWepji1
ID_7EXIPDUO,left,t_id_n2FBHk6d
ID_7XZIHJYG,Top,t_id_3b65X5Lw
ID_GYY52UV9,left,t_id_WXXcPTSW
ID_B3JL015U,top,t_id_D7NA71la
ID_26FZY0AJ,left,t_id_dhdJMT1K
ID_D58UX4ZO,right,t_id_Kf73l69A
ID_F6X5824X,top,t_id_4ZfTUmwL
ID_RGDS2BGT,right,t_id_9GFmcOd5
ID_UCC8MTQC,top,t_id_bYageLYA
ID_E2CEMBJF,left,t_id_e9i3Lbq4
ID_4I3ESY77,left,t_id_IP3xtKuX
ID_ENR6VVR6,top,t_id_Dv4O8bOM
ID_WV9EVPQH,top,t_id_ROFhVsy2
ID_T6SCLYV0,right,t_id_3K93fQBS
ID_8E13SQLN,top,t_id_BXWccqAn
ID_GUVK4O8V,top,t_id_hRzOoJ2t
ID_K16QTHAA,top,t_id_dc6pjonY
ID_1ZDZVBLF,right,t_id_BI99coHt
ID_U1Y9CQ79,left,t_id_G5eoqwD8
ID_29VIAZ3D,right,t_id_Kc1tXDbJ
ID_JBAZB1H0,Right,t_id_k1rScFLB
ID_AK216M1W,right,t_id_G5eoqwD8
ID_O3G6HHBA,top,t_id_hRzOoJ2t
ID_97RRPH1Q,left,t_id_BI99coHt
ID_WS37GXTC,left,t_id_a4VYrmyA
ID_RFTW05FP,right,t_id_tjWepji1
ID_WBO9TYU6,right,t_id_FBsGDJhU
ID_EBVZM67H,right,t_id_J24awAHQ
ID_0JC13MBA,left,t_id_tjWepji1
ID_46JVJJE0,top,t_id_SwQZGIpa
ID_HXVY0O66,right,t_id_gGQbn7FA
ID_XWG2OZ2M,left,t_id_IP3xtKuX
ID_DXB5J9XV,left,t_id_iD9ikw6Y
ID_TI4AXI7S,top,t_id_iD9ikw6Y
ID_2358MYBE,right,t_id_BI99coHt
ID_X6L93W5Z,right,t_id_J24awAHQ
ID_PXKI8J0W,left,t_id_KysHzQQK
ID_KHFW6XEF,left,t_id_AMnriNb5
ID_OJB04LK1,right,t_id_DPYQnZyv
ID_6OED89JQ,right,t_id_ROFhVsy2
ID_32T8KDHK,left,t_id_VFb44eFm
ID_UZCHV7U9,top,t_id_8b8sprYe
ID_MO9R40JA,right,t_id_hRzOoJ2t
ID_R2OC9TE1,top,t_id_IP1t15lD
ID_RHU6R4DI,right,t_id_GrxmyS59
ID_KGRWBR81,left,t_id_hRzOoJ2t
ID_05OAB9HN,top,t_id_fjHGjp1w
ID_DXZUT4KJ,top,t_id_uIlC9Gfo
ID_XRUUZQQZ,left,t_id_AOWArhGb
ID_3T395J5T,left,t_id_G5eoqwD8
ID_HONVLGJ8,right,t_id_0DPPpRUz
ID_6WVUG1RN,top,t_id_dVQ4x3wz
ID_E98QM9CT,right,t_id_8b8sprYe
ID_3JHL0XDW,left,t_id_AOWArhGb
ID_HKE6LPE3,Right,t_id_B7LaSiac
ID_PPSS872T,right,t_id_ROFhVsy2
ID_Q8WLPS2N,Top,t_id_B7LaSiac
ID_6TQSMX60,right,t_id_15bo4NKD
ID_EJ3N6WXQ,left,t_id_IlO9BOKc
ID_UYM7FKWU,top,t_id_qZ0iZYsC
ID_XYNDN5MA,left,t_id_3K93fQBS
ID_IAQX7RWF,left,t_id_dhdJMT1K
ID_IBWV92JR,left,t_id_MwnEYfqe
ID_8GYGUQBH,top,t_id_G5JLzvai
ID_GGOYUEPF,left,t_id_G5eoqwD8
ID_SBMYJOJX,right,t_id_utw0thCe
ID_QIILZAE0,left,t_id_WDCMGvI4
ID_AAULBUQF,Left,t_id_GOIvCduN
ID_XW8DHGJ8,left,t_id_ROFhVsy2
ID_Y8QWHEGF,left,t_id_DbmclTcj
ID_90XTP7IA,right,t_id_mpuNp8mf
ID_HGI68OWZ,right,t_id_mpuNp8mf
ID_TQLCI8T4,top,t_id_UVQa4BMz
ID_W2QCJ1FD,left,t_id_G5eoqwD8
ID_R6UKP6OQ,left,t_id_uIlC9Gfo
ID_R1N5MLUC,left,t_id_ksTLswDT
ID_0FP7W8WI,right,t_id_Ts5LyVQz
ID_EJJJLCDA,top,t_id_utw0thCe
ID_ZIEFMMJ5,top,t_id_hRzOoJ2t
ID_O0DZIQAK,left,t_id_SwQZGIpa
ID_BFZ0BTKN,top,t_id_DPYQnZyv
ID_C8NGKL9W,right,t_id_Lhp87PBX
ID_R34OWDJY,right,t_id_ip3jsrYo
ID_4U56R1MS,Top,t_id_3b65X5Lw
ID_3SN9CPQK,left,t_id_ip3jsrYo
ID_3BRPVKD9,left,t_id_8b8sprYe
ID_L5ZC0P2D,top,t_id_fjHGjp1w
ID_2O8DG2LG,right,t_id_YjXYTCGC
ID_HQ4LEHJQ,top,t_id_Kf73l69A
ID_QAW5VR7D,right,t_id_Ts5LyVQz
ID_83JA8LJI,right,t_id_15bo4NKD
ID_AL97NPUI,left,t_id_Ts5LyVQz
ID_MTP0EQTH,left,t_id_NW7wn8TC
ID_OG1GRF3E,right,t_id_DbmclTcj
ID_009TNNQ8,left,t_id_Kf73l69A
ID_F5H5ES23,top,t_id_tjWepji1
ID_0XWII0XC,top,t_id_tjWepji1
ID_QOLD4V6P,top,t_id_Kf73l69A
ID_1Z849QK6,right,t_id_72SiiZCp
ID_EKLWG5G7,top,t_id_BI99coHt
ID_OM0I3V52,top,t_id_0g31STvR
ID_3UFISML8,left,t_id_Ts5LyVQz
ID_BQBUXMAI,right,t_id_VP2NW7aV
ID_96LWSV5L,right,t_id_0DPPpRUz
ID_55DHG61B,left,t_id_fjHGjp1w
ID_77LS79M6,top,t_id_iZQiE7wb
ID_JJUX1KZE,right,t_id_GrxmyS59
ID_F039F4FO,top,t_id_C0wevyOl
ID_9M4S26GP,left,t_id_C0wevyOl
ID_W700YXHW,top,t_id_MwnEYfqe
ID_X8F93RQV,right,t_id_AOWArhGb
ID_H2KGDRZ8,top,t_id_8b8sprYe
ID_37RXZ3TO,right,t_id_D3kHUEgp
ID_N5WPBFLM,left,t_id_OqU1NWEA
ID_IHO28NDH,right,t_id_tjWepji1
ID_P1Q5JWA3,right,t_id_15bo4NKD
ID_AO36GU17,right,t_id_hRzOoJ2t
ID_0B15SK84,right,t_id_AOWArhGb
ID_FDQPMRE6,top,t_id_Kf73l69A
ID_JBGMIJOI,right,t_id_YjXYTCGC
ID_1DHBY4KU,right,t_id_IP3xtKuX
ID_3PAPEHDJ,right,t_id_GrxmyS59
ID_0FX6ODC0,left,t_id_n2FBHk6d
ID_L2JEARXW,right,t_id_IlO9BOKc
ID_6V34GA6C,right,t_id_JI6ba2Yx
ID_LIMNU5QR,left,t_id_QqeoI5F3
ID_CTC9WL06,right,t_id_9GFmcOd5
ID_S9NS44EP,left,t_id_Lhp87PBX
ID_EEWHJBVS,right,t_id_72SiiZCp
ID_FNE08ILI,left,t_id_YjXYTCGC
ID_EO2HRP55,right,t_id_D3kHUEgp
ID_IUO1UFT8,left,t_id_n2FBHk6d
ID_99WYNX18,top,t_id_YjXYTCGC
ID_XK6U9HBK,top,t_id_GrxmyS59
ID_Z4YGKMKM,Top,t_id_k1rScFLB
ID_UDV7ZUN0,left,t_id_ROFhVsy2
ID_OE9U0500,left,t_id_hRzOoJ2t
ID_9OQNT73K,left,t_id_m2JvEcsg
ID_4W4GWHPZ,top,t_id_dhdJMT1K
ID_KDTQ6444,top,t_id_15bo4NKD
ID_YFBXBW8Y,left,t_id_SwQZGIpa
ID_LCQCEAA7,right,t_id_fjHGjp1w
ID_2NFH5AY5,top,t_id_m2JvEcsg
ID_YKEFJZ2B,top,t_id_uJXT7dGu
ID_P7RAZD3A,top,t_id_fxTQ5vHC
ID_G2F4OJT6,left,t_id_4XiPKIk7
ID_87TGZA2M,top,t_id_gGQbn7FA
ID_KEW845NU,top,t_id_IP1t15lD
ID_OLDGJ71A,Right,t_id_HxxqrdTx
ID_K6V9I5C1,Left,t_id_k1rScFLB
ID_J8XJLACW,top,t_id_mXD9Bjsb
ID_WWYCXWOD,left,t_id_Kf73l69A
ID_KKUQQPT0,left,t_id_hRzOoJ2t
ID_ZB5AJ17M,left,t_id_MwnEYfqe
ID_M17N1BF4,left,t_id_UVQa4BMz
ID_DHMZNWT6,left,t_id_ROFhVsy2
ID_M3WKTJJJ,right,t_id_8b8sprYe
ID_UQ1GZMBE,top,t_id_ROFhVsy2
ID_EYPUADDI,top,t_id_dVQ4x3wz
ID_6L3ADFK8,top,t_id_m2JvEcsg
ID_S1NRBSKU,right,t_id_3fKmnkBS
ID_H3JK3MQW,top,t_id_AMnriNb5
ID_1VVMCOG8,right,t_id_0g31STvR
ID_37FLBUSK,right,t_id_m2JvEcsg
ID_VYGPIXV7,top,t_id_G5eoqwD8
ID_2D8P5IJQ,top,t_id_VFb44eFm
ID_10HIRN6W,top,t_id_qZ0iZYsC
ID_2WHCP48M,left,t_id_Kc1tXDbJ
ID_2XQIT20D,right,t_id_Lhp87PBX
ID_7CXJQYNT,right,t_id_D0gA44av
ID_24XMOLVK,left,t_id_C0wevyOl
ID_0TN13JTG,left,t_id_IlO9BOKc
ID_V10P7G34,left,t_id_DPYQnZyv
ID_WIXB1YAF,top,t_id_mpuNp8mf
ID_4WW8XF7G,left,t_id_ROFhVsy2
ID_3E0B7W1E,right,t_id_g9Fz8PH7
ID_26JZTBIX,right,t_id_YjXYTCGC
ID_IH7FSRZD,right,t_id_dVQ4x3wz
ID_RK9GROH0,left,t_id_Kc1tXDbJ
ID_IF0VJ87L,left,t_id_15bo4NKD
ID_HNYEYOC2,top,t_id_ROFhVsy2
ID_MCX5HSF8,top,t_id_WDCMGvI4
ID_3NDJQJM7,top,t_id_dVQ4x3wz
ID_EDLQ7RG6,right,t_id_15bo4NKD
ID_9FUITRRD,left,t_id_2Yn71r7R
ID_DYV4O4D9,right,t_id_tjWepji1
ID_LYSQHGXQ,right,t_id_ksTLswDT
ID_K6ZMGF3T,left,t_id_JI6ba2Yx
ID_WNBBFWOF,right,t_id_hibDzPAP
ID_VFDRE81R,right,t_id_hibDzPAP
ID_Z10J6OV1,top,t_id_OqU1NWEA
ID_LP0GCYNH,left,t_id_gJaKYxBQ
ID_Z7K94A7J,right,t_id_X3bKBWYW
ID_FADOBT1K,right,t_id_G5eoqwD8
ID_TSQSFARY,top,t_id_Kc1tXDbJ
ID_AER0ACAU,right,t_id_VP2NW7aV
ID_KHSTCVDN,left,t_id_Kc1tXDbJ
ID_76XUPZQY,left,t_id_ZfvZBX4Q
ID_TQW7T333,right,t_id_ROFhVsy2
ID_585DWP1V,right,t_id_mpuNp8mf
ID_HP62NL4I,top,t_id_JI6ba2Yx
ID_4MWH30AA,top,t_id_2Yn71r7R
ID_A90HTUHS,right,t_id_WDCMGvI4
ID_NWGTXLC1,top,t_id_ROFhVsy2
ID_BOGXBF8U,left,t_id_JI6ba2Yx
ID_8RMH5NGD,right,t_id_D7NA71la
ID_L4YM2UPC,right,t_id_AMnriNb5
ID_MFRMCPWJ,left,t_id_uJXT7dGu
ID_026RZIZ9,right,t_id_hRzOoJ2t
ID_875JHHIC,left,t_id_9GFmcOd5
ID_755I28U4,top,t_id_ROFhVsy2
ID_BXRMTL35,right,t_id_MwnEYfqe
ID_O0VWI4RV,left,t_id_3fKmnkBS
ID_KRAAXZ25,right,t_id_ip3jsrYo
ID_QEOHRAAK,left,t_id_BI99coHt
ID_LEW15VOX,left,t_id_AMnriNb5
ID_2G5VWR8P,left,t_id_Kc1tXDbJ
ID_DWWOO2XR,right,t_id_tjWepji1
ID_WEQJP7TD,right,t_id_dVQ4x3wz
ID_98NRB4SQ,left,t_id_ZfvZBX4Q
ID_X52M491B,top,t_id_QqeoI5F3
ID_QC4ETXA5,left,t_id_VFb44eFm
ID_EYX73R7P,left,t_id_2QmcRkNj
ID_3QBOOK4D,right,t_id_WXXcPTSW
ID_1R8WKXOZ,right,t_id_C0wevyOl
ID_7AC0PBXT,top,t_id_Kf73l69A
ID_MLQZ9OEP,top,t_id_NW7wn8TC
ID_BJOSVYCD,Right,t_id_3b65X5Lw
ID_IB0HNQVC,left,t_id_J24awAHQ
ID_0I5FAS7W,top,t_id_n2FBHk6d
ID_8J8K9RB0,top,t_id_niEvmwXu
ID_D81CAHI3,right,t_id_MwnEYfqe
ID_DU77FSFF,top,t_id_DPYQnZyv
ID_8HQL8CPC,right,t_id_hRzOoJ2t
ID_AMPUM1WQ,right,t_id_ifWwxWF4
ID_UT0O8OH2,top,t_id_DPYQnZyv
ID_5TBZ5AIW,top,t_id_uIlC9Gfo
ID_E8VVIJRF,top,t_id_ROFhVsy2
ID_EZQ0TG07,right,t_id_dVQ4x3wz
ID_SLSMCJ8K,right,t_id_SwQZGIpa
ID_QQ11XMFC,left,t_id_uJXT7dGu
ID_MLM8TN98,left,t_id_a4VYrmyA
ID_95V5MCCU,top,t_id_DbmclTcj
ID_Q4PHFFL5,top,t_id_DPYQnZyv
ID_B4SXSHXU,left,t_id_BI99coHt
ID_HP8X3JFP,left,t_id_IlO9BOKc
ID_F3S4APMG,top,t_id_utw0thCe
ID_56OQIZS1,Top,t_id_3b65X5Lw
ID_BV95H2BZ,left,t_id_OqU1NWEA
ID_UQ8O9I2H,right,t_id_JI6ba2Yx
ID_KDZ6WEZI,top,t_id_ZfvZBX4Q
ID_1OKAKEHX,right,t_id_ifWwxWF4
ID_Z8044GN9,Right,t_id_k1rScFLB
ID_36OO9FMT,right,t_id_KysHzQQK
ID_XAGPOQ4X,right,t_id_fxTQ5vHC
ID_V8WT9SLI,left,t_id_fxTQ5vHC
ID_NT0DPVA4,left,t_id_Imm5pnNf
ID_LI699IKA,top,t_id_utw0thCe
ID_AQ555ML6,right,t_id_dVQ4x3wz
ID_AJPMSUZC,left,t_id_hRzOoJ2t
ID_KLD4N56B,top,t_id_fxTQ5vHC
ID_ZQ4DZAI7,right,t_id_stWei2Uq
ID_X9ZJ3ERL,right,t_id_0DPPpRUz
ID_F9J66LR2,top,t_id_hibDzPAP
ID_VNARVQLR,left,t_id_pCO59rOk
ID_M9BNEE7E,Top,t_id_HxxqrdTx
ID_1RRY7HY8,left,t_id_bYageLYA
ID_MZO52J57,top,t_id_uIlC9Gfo
ID_OAI7U0HW,right,t_id_ROFhVsy2
ID_YH15UNA2,top,t_id_AMnriNb5
ID_2NY5VZJ1,top,t_id_KysHzQQK
ID_Q2JM2XDQ,left,t_id_DPYQnZyv
ID_ILMEQOMC,left,t_id_G5eoqwD8
ID_TKM1FEQM,left,t_id_UVQa4BMz
ID_0SYENLY6,right,t_id_Ts5LyVQz
ID_SQYM6RCQ,top,t_id_HcnnlRda
ID_V2Q47RIR,top,t_id_ZfvZBX4Q
ID_6L5VQ5R8,left,t_id_0DPPpRUz
ID_HDVTWVXM,top,t_id_pCO59rOk
ID_9WFGTQXE,right,t_id_3fKmnkBS
ID_IA0Y3PMQ,right,t_id_DbmclTcj
ID_BI7KYCMW,right,t_id_VP2NW7aV
ID_46W4KFXU,left,t_id_JI6ba2Yx
ID_PMSVVY6S,top,t_id_ROFhVsy2
ID_OTWSR0ZA,left,t_id_D7NA71la
ID_C47HV1XT,top,t_id_hRzOoJ2t
ID_RO4XA6ZX,Right,t_id_k1rScFLB
ID_7FG7NBIV,top,t_id_uIlC9Gfo
ID_UIR6EX0Q,top,t_id_0DPPpRUz
ID_7L425GDO,right,t_id_hRzOoJ2t
ID_RVTQP7MQ,left,t_id_Ts5LyVQz
ID_ZELQUD8J,left,t_id_2QmcRkNj
ID_O3UEXZ81,right,t_id_D0gA44av
ID_PNOSRYJ4,top,t_id_mpuNp8mf
ID_IBM14O7I,top,t_id_8b8sprYe
ID_5WWET6TK,left,t_id_G5eoqwD8
ID_KNSJGLTB,left,t_id_7gFFZy7i
ID_BPC4VH8E,left,t_id_uJXT7dGu
ID_SLYQTV6O,left,t_id_bYageLYA
ID_9FYKVXDT,left,t_id_D3kHUEgp
ID_QUT448XP,left,t_id_mXD9Bjsb
ID_QQJMURMM,right,t_id_d6aYXtor
ID_PAQ0ZGLY,left,t_id_stWei2Uq
ID_SOVNF34H,left,t_id_stWei2Uq
ID_KQ96XTYX,left,t_id_dc6pjonY
ID_QAAUKJ7L,top,t_id_OqU1NWEA
ID_HV3AKBVY,left,t_id_AMnriNb5
ID_0VJ2FLV9,top,t_id_1KIezxkh
ID_T8Y798CJ,right,t_id_stWei2Uq
ID_YGJ43EVE,top,t_id_uVgs53Cz
ID_5A4X1VE9,left,t_id_uIlC9Gfo
ID_CJA3WEZM,left,t_id_ROFhVsy2
ID_AHLEX8OE,right,t_id_BI99coHt
ID_2M1QR0UQ,right,t_id_dc6pjonY
ID_D8JUZAHG,top,t_id_uJXT7dGu
ID_B0S7N1FI,top,t_id_WDCMGvI4
ID_6XIQRRRF,top,t_id_Kc1tXDbJ
ID_SDYL1Y2T,right,t_id_uIlC9Gfo
ID_FROMZTVJ,right,t_id_hRzOoJ2t
ID_TXA90ZXK,left,t_id_8b8sprYe
ID_5XBNA2NJ,left,t_id_iZQiE7wb
ID_CBTXQAEN,right,t_id_QqeoI5F3
ID_7RIYI4GK,left,t_id_J5dngbNA
ID_2QCEKGLA,right,t_id_1KIezxkh
ID_SH9RND3N,top,t_id_D0gA44av
ID_8676EZNG,right,t_id_BI99coHt
ID_332W0EFB,right,t_id_G5eoqwD8
ID_40BUCYTX,top,t_id_ROFhVsy2
ID_38NFN6PE,right,t_id_15bo4NKD
ID_REBWMEP1,left,t_id_smNwfXAT
ID_WCMX6SXA,right,t_id_Ts5LyVQz
ID_9TX4BMNC,left,t_id_2Yn71r7R
ID_WG39AF3V,left,t_id_YjXYTCGC
ID_9U6AFLQ2,left,t_id_niEvmwXu
ID_ZC2Q3MO8,right,t_id_MwnEYfqe
ID_3SR2SQN6,right,t_id_0g31STvR
ID_NE20U4TV,right,t_id_uVgs53Cz
ID_P3H6J4DT,top,t_id_VP2NW7aV
ID_PZX9VUW2,right,t_id_ksTLswDT
ID_RA3EQ2HS,Top,t_id_3b65X5Lw
ID_HDJ3VN0U,top,t_id_VP2NW7aV
ID_V76J30PS,right,t_id_G5eoqwD8
ID_5J4DI15N,right,t_id_YjXYTCGC
ID_XXYNIH4F,right,t_id_uIlC9Gfo
ID_9RXN6PV6,right,t_id_BI99coHt
ID_A836LG1I,top,t_id_fjHGjp1w
ID_XG5CVHSP,left,t_id_DPYQnZyv
ID_VWX348Z2,top,t_id_AMnriNb5
ID_8EL5354T,top,t_id_mpuNp8mf
ID_D03LNX1J,left,t_id_Lhp87PBX
ID_1LVKGE2I,left,t_id_uMOOrQu7
ID_TENORLIN,right,t_id_ROFhVsy2
ID_91U026T4,left,t_id_Kf73l69A
ID_BPD3Z5R8,left,t_id_YjXYTCGC
ID_BFZXPZWY,right,t_id_87CLFCvE
ID_Y2OZSDPL,right,t_id_3K93fQBS
ID_ZY15TQYT,left,t_id_stWei2Uq
ID_WPOXDVN4,right,t_id_fxTQ5vHC
ID_7M8DK0OK,top,t_id_72SiiZCp
ID_Z70AOH5I,left,t_id_D3kHUEgp
ID_IV5EDQKX,right,t_id_YjXYTCGC
ID_UDBC2MSD,top,t_id_4ZfTUmwL
ID_IT3KIFGF,left,t_id_tjWepji1
ID_6O0T2FPB,left,t_id_DPYQnZyv
ID_EMMOQ0S4,top,t_id_BI99coHt
ID_GEKSPPDF,Right,t_id_HxxqrdTx
ID_F2NTBK8F,left,t_id_dVQ4x3wz
ID_KK2AFQCU,top,t_id_hRzOoJ2t
ID_RBFXP1Z9,right,t_id_VFb44eFm
ID_COXK06EB,left,t_id_AOWArhGb
ID_RWNK17IG,left,t_id_g9Fz8PH7
ID_J0MPIDHI,left,t_id_AOWArhGb
ID_XWGOE98I,right,t_id_15bo4NKD
ID_V06YGGTX,right,t_id_Kf73l69A
ID_KN4NI8W0,right,t_id_ROFhVsy2
ID_HBXTDFDP,right,t_id_hRzOoJ2t
ID_AYEFJ4R5,top,t_id_G5eoqwD8
ID_H5XAB08S,top,t_id_qZ0iZYsC
ID_QE4ICKEI,top,t_id_2QmcRkNj
ID_S2MXGMP8,top,t_id_X3bKBWYW
ID_BMA15GQL,top,t_id_fjHGjp1w
ID_DRQ2ZEBQ,right,t_id_ROFhVsy2
ID_184JGJF5,top,t_id_KysHzQQK
ID_UQLUZB4A,top,t_id_VP2NW7aV
ID_80RRM6NW,right,t_id_a4VYrmyA
ID_0YAZWB2L,left,t_id_stWei2Uq
ID_F0G8Z18S,top,t_id_m2JvEcsg
ID_TTABJPWV,top,t_id_AOWArhGb
ID_0KQJ1TYW,top,t_id_72SiiZCp
ID_V6HX27DY,Left,t_id_3b65X5Lw
ID_C5MUH5W6,right,t_id_4ZfTUmwL
ID_TE6RBMMW,right,t_id_D7NA71la
ID_AREMMM5B,right,t_id_n2FBHk6d
ID_9QPYWFMK,left,t_id_NW7wn8TC
ID_5FZIZ4AO,right,t_id_15bo4NKD
ID_PZ4R21NL,right,t_id_VP2NW7aV
ID_QDMEDCO9,left,t_id_uJXT7dGu
ID_2598ECXH,top,t_id_Kf73l69A
ID_QE5Q7GD0,left,t_id_YjXYTCGC
ID_UCEPNVYH,left,t_id_BI99coHt
ID_XO6ONIW3,Top,t_id_GOIvCduN
ID_99SV2M1A,top,t_id_4ZfTUmwL
ID_AFYYP6H7,top,t_id_VP2NW7aV
ID_PUPUSSE0,top,t_id_utw0thCe
ID_QLZGM4NC,top,t_id_D7NA71la
ID_SBTL29PQ,right,t_id_DPYQnZyv
ID_MS8JVDYS,left,t_id_HcnnlRda
ID_D7AK3ZIV,right,t_id_G5JLzvai
ID_MWB1ZOLQ,top,t_id_Lhp87PBX
ID_1P5BX7XH,right,t_id_pCO59rOk
ID_J92HGH18,left,t_id_3fKmnkBS
ID_SBJ4SKGU,top,t_id_IP3xtKuX
ID_N0LQS5D0,top,t_id_smNwfXAT
ID_UK7DH6ZK,right,t_id_OqU1NWEA
ID_F6JVKX4Q,left,t_id_uIlC9Gfo
ID_AITOQ47O,top,t_id_hRzOoJ2t
ID_GAPD6XLB,left,t_id_Kf73l69A
ID_AAADX5P2,left,t_id_FBsGDJhU
ID_B9KO5TGV,right,t_id_gGQbn7FA
ID_SW5ZYY6Q,top,t_id_fjHGjp1w
ID_W4ZL6WG8,left,t_id_Dv4O8bOM
ID_74D61SAT,top,t_id_mpuNp8mf
ID_R1NWV4PP,top,t_id_G5eoqwD8
ID_PYA5ISEH,right,t_id_ROFhVsy2
ID_F0B7TMYR,Right,t_id_3b65X5Lw
ID_3WIO6HB9,right,t_id_AMnriNb5
ID_T8K76XGB,top,t_id_DbmclTcj
ID_JBN8AVWT,right,t_id_n2FBHk6d
ID_8QREX315,right,t_id_0DPPpRUz
ID_XM2928BC,right,t_id_IP1t15lD
ID_OX2E6P2N,left,t_id_ROFhVsy2
ID_PE8ZVLPZ,right,t_id_IP1t15lD
ID_MQOTPTUW,top,t_id_3K93fQBS
ID_ZYTRP3VN,left,t_id_ip3jsrYo
ID_FCKO56U3,right,t_id_ROFhVsy2
ID_0KMB0NN4,left,t_id_MwnEYfqe
ID_KB1F3SI6,top,t_id_Kf73l69A
ID_ZN6QMQAK,left,t_id_uJXT7dGu
ID_GWLQRT6Z,top,t_id_GrxmyS59
ID_YVFYCA1S,top,t_id_Ts5LyVQz
ID_OY6I8BFG,top,t_id_72SiiZCp
ID_ABT2LTYY,top,t_id_YjXYTCGC
ID_432LRHPR,Left,t_id_3b65X5Lw
ID_7LLXMMHO,top,t_id_WXXcPTSW
ID_UQ71Z428,right,t_id_fjHGjp1w
ID_GPB4AMKP,top,t_id_G5eoqwD8
ID_W5880D4D,top,t_id_ROFhVsy2
ID_5Y4N29AA,right,t_id_smNwfXAT
ID_G6SJF8N0,top,t_id_Imm5pnNf
ID_Q1VDOSUM,left,t_id_VP2NW7aV
ID_TR3FW0YH,left,t_id_1KIezxkh
ID_YU5NLRWW,left,t_id_n2FBHk6d
ID_N9XVAHD9,right,t_id_Ts5LyVQz
ID_WYTYM68R,left,t_id_BI99coHt
ID_TXUBHN1C,top,t_id_n2FBHk6d
ID_A5OKYOM8,left,t_id_G5eoqwD8
ID_MOMO15HX,top,t_id_uJXT7dGu
ID_1BGNVTGM,Right,t_id_HxxqrdTx
ID_8AYNYFOU,right,t_id_VP2NW7aV
ID_J6ST5JG8,top,t_id_bYageLYA
ID_OVYZTN8A,top,t_id_uMOOrQu7
ID_TQ8BLTY0,right,t_id_AMnriNb5
ID_QSOQ8ZSP,top,t_id_2QmcRkNj
ID_XY46UGAU,right,t_id_C0wevyOl
ID_VXPYTIWK,left,t_id_3K93fQBS
ID_OCG94TZX,Right,t_id_k1rScFLB
ID_NO78233G,left,t_id_X3bKBWYW
ID_BFL1TIYI,top,t_id_0g31STvR
ID_QPP4C9R6,top,t_id_KysHzQQK
ID_718P57CN,right,t_id_D3kHUEgp
ID_KTYPT460,left,t_id_utw0thCe
ID_PLE6N9NR,top,t_id_8b8sprYe
ID_KTH1Q7II,top,t_id_DPYQnZyv
ID_AXJMNQD5,top,t_id_pCO59rOk
ID_KH6DE9HZ,left,t_id_72SiiZCp
ID_RT916ZQG,right,t_id_HcnnlRda
ID_AI2LPMNR,top,t_id_IlO9BOKc
ID_TOYTUUDJ,top,t_id_1KIezxkh
ID_RP6LK8ME,left,t_id_fxTQ5vHC
ID_8V6PIS8I,top,t_id_2E8o5Jtl
ID_MTVC0PF9,left,t_id_gJaKYxBQ
ID_YVSYALQP,left,t_id_mpuNp8mf
ID_PDIIY0HR,right,t_id_uIlC9Gfo
ID_TGOL2RTX,top,t_id_IP1t15lD
ID_TG6LPJ12,right,t_id_Ts5LyVQz
ID_3RFFJLZ0,top,t_id_m2JvEcsg
ID_Q3NWKOS8,left,t_id_8b8sprYe
ID_SA77TLMN,left,t_id_fxTQ5vHC
ID_M1IOXDQU,left,t_id_2QmcRkNj
ID_C9867NV5,right,t_id_GrxmyS59
ID_RL1661JE,left,t_id_bYageLYA
ID_0ILV12LP,right,t_id_3K93fQBS
ID_PJ11N98G,Left,t_id_k1rScFLB
ID_MOHPCR7C,right,t_id_uJXT7dGu
ID_UB582XNA,left,t_id_DPYQnZyv
ID_F0M88XAH,top,t_id_ROFhVsy2
ID_YO7MAMCV,Left,t_id_3b65X5Lw
ID_KL5C0ATQ,right,t_id_ROFhVsy2
ID_6ECGIEN9,right,t_id_15bo4NKD
ID_SMI0RMXB,left,t_id_VP2NW7aV
ID_QQFC5AHE,right,t_id_9GFmcOd5
ID_J077RZTD,top,t_id_d6aYXtor
ID_BQZWMZ6R,left,t_id_dc6pjonY
ID_I4Q3D4LO,left,t_id_ROFhVsy2
ID_JE1E4EHC,right,t_id_3K93fQBS
ID_URBX4MMR,top,t_id_bYageLYA
ID_KLR52XYJ,left,t_id_ROFhVsy2
ID_5GNR7EMS,right,t_id_D7NA71la
ID_6GZWW0BC,top,t_id_MwnEYfqe
ID_INRFDSIU,top,t_id_g9Fz8PH7
ID_AXLAD83F,top,t_id_QqeoI5F3
ID_ODPRF7WO,right,t_id_3fKmnkBS
ID_PKHY49FR,top,t_id_HcnnlRda
ID_MJJZGOFP,right,t_id_1KIezxkh
ID_JAV4V6Y8,left,t_id_gz3whk0q
ID_JNVDN1VK,top,t_id_JI6ba2Yx
ID_U0FMS8SY,left,t_id_EEbWq5Pj
ID_U5NYR6RZ,top,t_id_9GFmcOd5
ID_1BI2BZ0J,right,t_id_HcnnlRda
ID_U2M2B4H3,top,t_id_dVQ4x3wz
ID_60HZPQNA,top,t_id_m2JvEcsg
ID_LTJW82SQ,right,t_id_G5eoqwD8
ID_489J52MZ,left,t_id_utw0thCe
ID_YZYMPK3A,top,t_id_BI99coHt
ID_EFGS5VBZ,top,t_id_VP2NW7aV
ID_87X4OZIA,top,t_id_3fKmnkBS
ID_LO4RDPO0,Top,t_id_3b65X5Lw
ID_3JBGT4D4,left,t_id_tjWepji1
ID_ZIAKVOXJ,right,t_id_15bo4NKD
ID_T814T7PV,top,t_id_fxTQ5vHC
ID_VYK0UJBM,right,t_id_stWei2Uq
ID_QPPTPV42,left,t_id_Ts5LyVQz
ID_9ZTS8PT2,top,t_id_G5eoqwD8
ID_L3JYLO56,right,t_id_bYageLYA
ID_YXDC3FJ5,left,t_id_dVQ4x3wz
ID_L7M9AD5R,top,t_id_a4VYrmyA
ID_XO046EZO,left,t_id_hRzOoJ2t
ID_BU1339OA,right,t_id_DPYQnZyv
ID_UYNNFHNI,left,t_id_Ts5LyVQz
ID_6RT94V5C,right,t_id_fxTQ5vHC
ID_EXX7E8R8,top,t_id_0g31STvR
ID_XKZGB22P,top,t_id_D3kHUEgp
ID_7MXB55MB,left,t_id_72SiiZCp
ID_OGY3G91Y,top,t_id_AOWArhGb
ID_V8HIJWCK,right,t_id_J5dngbNA
ID_HA4TU4VL,right,t_id_G5eoqwD8
ID_6EZNGL25,right,t_id_Kf73l69A
ID_KGYTRNAZ,right,t_id_hibDzPAP
ID_VBIUJ35S,Right,t_id_GOIvCduN
ID_DVBQBLUQ,right,t_id_WXXcPTSW
ID_2MI7QHMY,left,t_id_15bo4NKD
ID_GF95SSMR,top,t_id_8b8sprYe
ID_CBCS5FT9,left,t_id_X3bKBWYW
ID_SLT9YFGF,top,t_id_VP2NW7aV
ID_HX2USZ88,top,t_id_utw0thCe
ID_7YZHALII,right,t_id_ZfvZBX4Q
ID_QIEXTKDE,top,t_id_fjHGjp1w
ID_73XF8XT6,left,t_id_Kf73l69A
ID_TNI912WA,right,t_id_AOWArhGb
ID_0F3ODH2R,left,t_id_8b8sprYe
ID_CFH98U04,top,t_id_AOWArhGb
ID_1N4G9NIX,left,t_id_Kf73l69A
ID_PR5TVG19,right,t_id_fxTQ5vHC
ID_V5O71WV8,top,t_id_ROFhVsy2
ID_MQDFMAW5,top,t_id_e9i3Lbq4
ID_MODGDV0X,right,t_id_uJXT7dGu
ID_SQISG6CL,left,t_id_8b8sprYe
ID_F49JY6I7,top,t_id_dVQ4x3wz
ID_7BBFJQ54,Left,t_id_3b65X5Lw
ID_QQI5GHYN,left,t_id_dVQ4x3wz
ID_XYPL99FT,right,t_id_VP2NW7aV
ID_7AQ41OIF,right,t_id_JI6ba2Yx
ID_NAJ0DGI5,top,t_id_ip3jsrYo
ID_YOFF8RZI,Left,t_id_B7LaSiac
ID_UGVZW1XI,top,t_id_BXWccqAn
ID_3IICZVWM,top,t_id_4ZfTUmwL
ID_O2MD91QZ,left,t_id_Dv4O8bOM
ID_B8KBVTC0,right,t_id_utw0thCe
ID_G6TQ9VW8,left,t_id_hRzOoJ2t
ID_ET69XC86,top,t_id_bYageLYA
ID_IIE083HR,left,t_id_3fKmnkBS
ID_WJCD31XD,left,t_id_IP1t15lD
ID_OD6NGW5V,top,t_id_EEbWq5Pj
ID_XQ1W0O1H,top,t_id_IlO9BOKc
ID_AAHFIBVY,left,t_id_n2FBHk6d
ID_ET0Y1QX4,top,t_id_Ts5LyVQz
ID_49SFWMMF,left,t_id_gGQbn7FA
ID_D0GPXYHE,right,t_id_UVQa4BMz
ID_ZWHZBX92,top,t_id_Kc1tXDbJ
ID_K4TL0SZ1,right,t_id_hibDzPAP
ID_QXYZOFEH,left,t_id_3K93fQBS
ID_URTL0SBO,left,t_id_9GFmcOd5
ID_2YD83LJI,left,t_id_4ZfTUmwL
ID_YA0Y3B8U,right,t_id_DbmclTcj
ID_5EXO9GOM,left,t_id_iD9ikw6Y
ID_B4CTWCX6,left,t_id_stWei2Uq
ID_N7UAFGID,right,t_id_gGQbn7FA
ID_W63WB7OZ,top,t_id_VFb44eFm
ID_V04FA636,left,t_id_15bo4NKD
ID_N0DQJLIU,left,t_id_ROFhVsy2
ID_H9CEX41T,left,t_id_9GFmcOd5
ID_AZGVPHVW,right,t_id_JI6ba2Yx
ID_0N6POAB2,left,t_id_8b8sprYe
ID_7MV7535P,top,t_id_Kc1tXDbJ
ID_IZNCCEGL,left,t_id_8b8sprYe
ID_W0NX51ZP,top,t_id_gGQbn7FA
ID_3D3K292W,left,t_id_BXWccqAn
ID_S64CQM1R,top,t_id_Ts5LyVQz
ID_701AZ5J0,left,t_id_m2JvEcsg
ID_FNVGVT96,right,t_id_G5eoqwD8
ID_0VVR6NIJ,right,t_id_AMnriNb5
ID_WPYV2YLJ,left,t_id_WDCMGvI4
ID_4TXEAAM1,left,t_id_72SiiZCp
ID_VO07FB2B,top,t_id_hRzOoJ2t
ID_4BX9A9CZ,left,t_id_7gFFZy7i
ID_OZ2WERG1,top,t_id_YjXYTCGC
ID_DD5X1BR5,right,t_id_87CLFCvE
ID_IE91ZC7K,top,t_id_JI6ba2Yx
ID_XF6ATGL3,right,t_id_DbmclTcj
ID_WMN78YC3,left,t_id_7gFFZy7i
ID_ENJDS8AB,top,t_id_stWei2Uq
ID_59D8RK5O,left,t_id_Kf73l69A
ID_A6HS5I59,right,t_id_d6aYXtor
ID_P515ULFO,left,t_id_Kf73l69A
ID_H84PIIC5,left,t_id_GrxmyS59
ID_3BQDO5F8,left,t_id_n2FBHk6d
ID_VN4CLUXF,top,t_id_IlO9BOKc
ID_ZUX7C2SU,top,t_id_HcnnlRda
ID_E49XSP1C,right,t_id_G5JLzvai
ID_R4IUEQZR,right,t_id_JI6ba2Yx
ID_7LLRK7AZ,top,t_id_niEvmwXu
ID_S8P2K4NN,Top,t_id_p77GDtzg
ID_BLEM1I3U,left,t_id_D0gA44av
ID_AUPYBCNU,right,t_id_GrxmyS59
ID_NOG57Y9Y,left,t_id_VP2NW7aV
ID_U5ZW178N,right,t_id_VP2NW7aV
ID_010JDNBL,right,t_id_GrxmyS59
ID_6SSK0AVO,top,t_id_2QmcRkNj
ID_NPTV2A8L,top,t_id_dVQ4x3wz
ID_Z7QXBMIT,right,t_id_0DPPpRUz
ID_PILD3ESN,left,t_id_4XiPKIk7
ID_XXMUZJ9K,top,t_id_fjHGjp1w
ID_GVL6YFTB,left,t_id_m2JvEcsg
ID_8MK9Y405,right,t_id_iD9ikw6Y
ID_GZ1YV91P,left,t_id_4ZfTUmwL
ID_1GVXTFKL,right,t_id_BI99coHt
ID_5XCDNO3M,left,t_id_WDCMGvI4
ID_2JPJKUEY,right,t_id_AOWArhGb
ID_CGTPZ9M8,left,t_id_15bo4NKD
ID_FXE533TY,right,t_id_DPYQnZyv
ID_VFE8FVYW,top,t_id_9GFmcOd5
ID_2B4Z8UQV,right,t_id_ROFhVsy2
ID_UC0KOY7G,left,t_id_ZfvZBX4Q
ID_MF15LWQ2,right,t_id_gz3whk0q
ID_PN1LXCO5,right,t_id_gJaKYxBQ
ID_Q8ZTJWNM,left,t_id_7gFFZy7i
ID_R05AIULT,right,t_id_72SiiZCp
ID_VCJ6HTOQ,right,t_id_3K93fQBS
ID_F0S37ZLQ,left,t_id_IlO9BOKc
ID_V2EOE1MX,left,t_id_WDCMGvI4
ID_11TL3SYA,left,t_id_ROFhVsy2
ID_OZW4HSQ1,top,t_id_Kc1tXDbJ
ID_BMNCWXQM,top,t_id_fjHGjp1w
ID_53HQWAOW,right,t_id_87CLFCvE
ID_A9H49RVX,Left,t_id_k1rScFLB
ID_9VLHFF1Q,right,t_id_2E8o5Jtl
ID_1WUOBP46,left,t_id_AOWArhGb
ID_XVHGNJPB,right,t_id_VP2NW7aV
ID_9OYMEZ6X,left,t_id_D0gA44av
ID_GG1XQW7R,top,t_id_BXWccqAn
ID_9KQ5XB2O,right,t_id_hRzOoJ2t
ID_U7J1OX23,right,t_id_m2JvEcsg
ID_9KZ62BL0,left,t_id_BI99coHt
ID_96032KZU,top,t_id_fjHGjp1w
ID_N4AB0ABG,left,t_id_d6aYXtor
ID_MAM3AMA5,top,t_id_G5eoqwD8
ID_IIZ0I8ZV,top,t_id_D7NA71la
ID_XMV8L4BU,right,t_id_J24awAHQ
ID_442DRHCA,top,t_id_SwQZGIpa
ID_LSM75ZO7,top,t_id_m2JvEcsg
ID_FV1V45AN,right,t_id_hRzOoJ2t
ID_9IMJWIB1,left,t_id_g9Fz8PH7
ID_5N0ZOGBZ,top,t_id_G5JLzvai
ID_L32ZR5ZR,top,t_id_X3bKBWYW
ID_1U29KROW,left,t_id_tjWepji1
ID_9FHF784F,top,t_id_SwQZGIpa
ID_XCDRA49K,left,t_id_uIlC9Gfo
ID_4XFAYVLG,top,t_id_QqeoI5F3
ID_UYABW37Q,top,t_id_iD9ikw6Y
ID_JKOG0HTT,left,t_id_AOWArhGb
ID_5B9ZLN2R,left,t_id_J5dngbNA
ID_9SDMLUBG,right,t_id_HcnnlRda
ID_I07UOR7C,left,t_id_BXWccqAn
ID_IMXXEEA4,top,t_id_G5eoqwD8
ID_ITH146TN,left,t_id_mpuNp8mf
ID_5PFFGQ9H,top,t_id_OqU1NWEA
ID_1K6QG62O,right,t_id_n2FBHk6d
ID_2YEPFAZR,right,t_id_72SiiZCp
ID_SK4TQ9IA,top,t_id_72SiiZCp
ID_TB51HHH5,top,t_id_dc6pjonY
ID_SHNYCFBF,left,t_id_gGQbn7FA
ID_S65PBNKF,left,t_id_tjWepji1
ID_AE37TD10,left,t_id_87CLFCvE
ID_KH4NV7EX,top,t_id_KysHzQQK
ID_AW3XEVWT,left,t_id_UVQa4BMz
ID_82PQGPKF,left,t_id_mpuNp8mf
ID_2K2N7EEW,left,t_id_IlO9BOKc
ID_5WC9SLMP,top,t_id_ROFhVsy2
ID_S0B9X2YB,top,t_id_fjHGjp1w
ID_PA2177BD,Left,t_id_p77GDtzg
ID_7BPVI6E7,left,t_id_VP2NW7aV
ID_J5KG4FPE,Left,t_id_B7LaSiac
ID_JWP1CF0S,top,t_id_ROFhVsy2
ID_BGS7DQ21,top,t_id_pCO59rOk
ID_B09KHKPV,top,t_id_m2JvEcsg
ID_4N5T1PZP,Right,t_id_k1rScFLB
ID_WOML2HI5,right,t_id_iD9ikw6Y
ID_N6VBVKYX,left,t_id_J24awAHQ
ID_HG1KUM9G,right,t_id_0g31STvR
ID_43A2KYN1,Right,t_id_k1rScFLB
ID_YEUBCICN,left,t_id_uJXT7dGu
ID_HJZ1123L,right,t_id_stWei2Uq
ID_6VSIUY2M,left,t_id_hRzOoJ2t
ID_JDXOZF9A,right,t_id_Imm5pnNf
ID_R6RN36AS,top,t_id_dhdJMT1K
ID_0S4IF2K2,top,t_id_8b8sprYe
ID_AKYH8ZEL,left,t_id_uJXT7dGu
ID_RCMM0SLR,left,t_id_hRzOoJ2t
ID_NRPR0F4E,left,t_id_niEvmwXu
ID_XRET5QT2,left,t_id_MwnEYfqe
ID_TK8TAHMT,right,t_id_Dv4O8bOM
ID_W4BQI0EK,right,t_id_IlO9BOKc
ID_6DVOCAKS,right,t_id_WDCMGvI4
ID_8FNR12TS,right,t_id_pCO59rOk
ID_8NH0PR2J,right,t_id_87CLFCvE
ID_KDKUFPSO,right,t_id_m2JvEcsg
ID_EWZKENUH,top,t_id_uJXT7dGu
ID_KIJOI5FD,left,t_id_D7NA71la
ID_67RL74YI,left,t_id_gGQbn7FA
ID_YX6DUAVP,top,t_id_9GFmcOd5
ID_QK34X58A,top,t_id_DPYQnZyv
ID_8QMZ6R5U,right,t_id_G5eoqwD8
ID_J0R8TIEA,right,t_id_pCO59rOk
ID_OP3YU88T,top,t_id_bYageLYA
ID_C5Z0GIBX,right,t_id_niEvmwXu
ID_5F3UK4KI,left,t_id_1KIezxkh
ID_J9N4QAU6,left,t_id_VFb44eFm
ID_5OPXS9LQ,right,t_id_AOWArhGb
ID_0Y7QBGIB,top,t_id_4ZfTUmwL
ID_WPOMNQSN,Right,t_id_B7LaSiac
ID_AT4ZODWQ,right,t_id_KysHzQQK
ID_HZF25C9E,left,t_id_hibDzPAP
ID_0YJ5D3IF,left,t_id_ROFhVsy2
ID_WR6FUMSZ,left,t_id_MwnEYfqe
ID_1D4KU714,top,t_id_niEvmwXu
ID_Q63HDLEX,top,t_id_ip3jsrYo
ID_OQPR97ZJ,left,t_id_UVQa4BMz
ID_HIXCWF9O,top,t_id_3fKmnkBS
ID_ZEGMO44L,top,t_id_Lhp87PBX
ID_RTCR3R4K,right,t_id_mpuNp8mf
ID_MJO1VH1M,left,t_id_ksTLswDT
ID_6KEFH5SM,left,t_id_X3bKBWYW
ID_FF6OQOPC,right,t_id_VP2NW7aV
ID_GWH8XK5E,top,t_id_ROFhVsy2
ID_GD00ZVCX,right,t_id_hRzOoJ2t
ID_BQX9JA7L,left,t_id_G5eoqwD8
ID_ASNG5XJI,right,t_id_YjXYTCGC
ID_Z94HONDY,top,t_id_bYageLYA
ID_QU116P85,left,t_id_GrxmyS59
ID_9OVYYGZE,right,t_id_BI99coHt
ID_QC0HY681,right,t_id_iD9ikw6Y
ID_V65UTVHG,top,t_id_gJaKYxBQ
ID_4XDLN4PZ,right,t_id_Ts5LyVQz
ID_BS74PJ22,left,t_id_a4VYrmyA
ID_WHJ2G4NP,left,t_id_15bo4NKD
ID_RK255JSD,top,t_id_WXXcPTSW
ID_0DOWCQVL,top,t_id_stWei2Uq
ID_M8I33K2X,right,t_id_GrxmyS59
ID_LPG4581L,left,t_id_AOWArhGb
ID_AUC99TJX,top,t_id_tjWepji1
ID_MZQY5H5G,right,t_id_a4VYrmyA
ID_WKZM3KRR,left,t_id_utw0thCe
ID_EDSSGC0F,left,t_id_fxTQ5vHC
ID_A7CQ2PJ7,right,t_id_ifWwxWF4
ID_6IGHJWBY,left,t_id_qZ0iZYsC
ID_OHTSNM7U,right,t_id_IP3xtKuX
ID_6AD9A5MV,left,t_id_DPYQnZyv
ID_Q95C8GZY,top,t_id_DPYQnZyv
ID_0G8SI7HQ,left,t_id_G5JLzvai
ID_XRQ3CRHU,top,t_id_3fKmnkBS
ID_GO29AP3N,top,t_id_IP1t15lD
ID_48RWI5MN,right,t_id_3K93fQBS
ID_ZL79ZOVW,top,t_id_72SiiZCp
ID_7N3XYKU0,left,t_id_utw0thCe
ID_1OR37Y07,right,t_id_dhdJMT1K
ID_A1USBZOO,top,t_id_JI6ba2Yx
ID_1JOTYWTI,right,t_id_BXWccqAn
ID_2WZGLEX7,left,t_id_BI99coHt
ID_HSA23DFM,top,t_id_J5dngbNA
ID_ESH8U2PT,left,t_id_GrxmyS59
ID_P50ZTBK1,right,t_id_G5eoqwD8
ID_LG6W6530,left,t_id_ROFhVsy2
ID_4ZSD640L,right,t_id_g9Fz8PH7
ID_XAYZPM0M,right,t_id_tjWepji1
ID_S15SGT55,top,t_id_VP2NW7aV
ID_LQ0TPVJV,right,t_id_e9i3Lbq4
ID_B112YFS6,Left,t_id_3b65X5Lw
ID_UR0527D9,left,t_id_0g31STvR
ID_3EEVOO7W,top,t_id_gGQbn7FA
ID_IENF3D5R,right,t_id_utw0thCe
ID_C7HOAIJC,right,t_id_Kf73l69A
ID_QE9H9BMN,top,t_id_MwnEYfqe
ID_JTQ7HZ94,right,t_id_qZ0iZYsC
ID_YV966BYC,left,t_id_DPYQnZyv
ID_AX8J80P7,top,t_id_Ts5LyVQz
ID_Z0Z6TSCB,left,t_id_G5JLzvai
ID_58474N0A,left,t_id_Ts5LyVQz
ID_14F3K393,top,t_id_AOWArhGb
ID_5OYHSZLM,top,t_id_FBsGDJhU
ID_682LHQ6M,top,t_id_YjXYTCGC
ID_SHA7LQDB,top,t_id_mXD9Bjsb
ID_LBV7YOON,right,t_id_mpuNp8mf
ID_25T5KR2Q,left,t_id_hibDzPAP
ID_HL6JCGFO,top,t_id_YjXYTCGC
ID_COF0DX9S,left,t_id_Kf73l69A
ID_D2GGJOKI,right,t_id_Kc1tXDbJ
ID_J9QQJGUI,right,t_id_9GFmcOd5
ID_VKKPUH4P,top,t_id_3K93fQBS
ID_IPO29KGW,left,t_id_15bo4NKD
ID_KY57ZBP6,left,t_id_tjWepji1
ID_L9DRNM0B,right,t_id_SwQZGIpa
ID_RN5SJCUS,left,t_id_tjWepji1
ID_30LF8R9H,left,t_id_hRzOoJ2t
ID_H6059ZJJ,right,t_id_Ts5LyVQz
ID_DJ2MET4W,top,t_id_87CLFCvE
ID_A53YPYJV,right,t_id_ZfvZBX4Q
ID_SFQE9FQ9,left,t_id_D7NA71la
ID_339CY33I,top,t_id_gz3whk0q
ID_TNNGKAUR,left,t_id_mpuNp8mf
ID_XJKMKXHC,top,t_id_ROFhVsy2
ID_FX35XZJ6,left,t_id_Imm5pnNf
ID_BBSEK21T,left,t_id_gJaKYxBQ
ID_GFBHYC4I,top,t_id_a4VYrmyA
ID_EMH32ESR,right,t_id_uMOOrQu7
ID_DS1W5031,left,t_id_tjWepji1
ID_8V86H239,top,t_id_dVQ4x3wz
ID_ZNWNLIEJ,right,t_id_uJXT7dGu
ID_WX1YJH6T,top,t_id_hRzOoJ2t
ID_P2KUGMSZ,top,t_id_m2JvEcsg
ID_IAE06Z4R,top,t_id_NW7wn8TC
ID_IF70J1G2,left,t_id_BI99coHt
ID_1KKOIHIV,top,t_id_uVgs53Cz
ID_PRY0XJOW,left,t_id_2Yn71r7R
ID_DO1ZMLIJ,right,t_id_uIlC9Gfo
ID_EIL6K5YY,top,t_id_BI99coHt
ID_B9VCJDV2,left,t_id_D0gA44av
ID_I5XYLB3F,left,t_id_Kc1tXDbJ
ID_8G9Z0REI,top,t_id_fjHGjp1w
ID_8ZLIG62K,right,t_id_8b8sprYe
ID_IQYJYEOK,left,t_id_GrxmyS59
ID_AC2YBR8A,top,t_id_0g31STvR
ID_1DXDE9JV,left,t_id_Ts5LyVQz
ID_ZRFREAK3,top,t_id_FBsGDJhU
ID_VXLMBRF3,right,t_id_4XiPKIk7
ID_A053YCSB,right,t_id_D0gA44av
ID_BVXNXJB0,left,t_id_a4VYrmyA
ID_DD6N21V1,top,t_id_ROFhVsy2
ID_F003CU3F,Left,t_id_GOIvCduN
ID_Z6FNFY8I,left,t_id_dVQ4x3wz
ID_X5VBB0IK,left,t_id_hRzOoJ2t
ID_WYFZLD6Z,top,t_id_UVQa4BMz
ID_9KEUKNY2,top,t_id_ifWwxWF4
ID_WNIFCX6U,left,t_id_hRzOoJ2t
ID_UZ8F3JRC,top,t_id_KysHzQQK
ID_46RTG9VG,top,t_id_Ts5LyVQz
ID_7N1REGEV,right,t_id_EEbWq5Pj
ID_SQ06OP9G,left,t_id_YjXYTCGC
ID_SVCJRIEI,right,t_id_2E8o5Jtl
ID_218CP5R0,left,t_id_hRzOoJ2t
ID_GCEU4OI7,top,t_id_D3kHUEgp
ID_575UBYT3,right,t_id_smNwfXAT
ID_QOP5N642,right,t_id_15bo4NKD
ID_ZREZC1ZG,left,t_id_YjXYTCGC
ID_9WTSG2MZ,left,t_id_hibDzPAP
ID_TG6J6I2T,top,t_id_8b8sprYe
ID_ZSYDP5RI,top,t_id_ZfvZBX4Q
ID_96UVYWDN,right,t_id_tjWepji1
ID_8XKLAS91,right,t_id_BI99coHt
ID_0INOHY6I,top,t_id_dVQ4x3wz
ID_B17TP7Z5,left,t_id_ROFhVsy2
ID_UZM64SPZ,top,t_id_2E8o5Jtl
ID_AZSWVKFQ,left,t_id_FBsGDJhU
ID_L0EKS159,top,t_id_mpuNp8mf
ID_SHF7EPUM,left,t_id_KysHzQQK
ID_VS9OUM7K,right,t_id_G5eoqwD8
ID_8MNS908N,right,t_id_GrxmyS59
ID_6BHLTFXH,right,t_id_WDCMGvI4
ID_HDWOZAWG,Right,t_id_p77GDtzg
ID_7TUD0AU0,right,t_id_uVgs53Cz
ID_8KTKVNCU,left,t_id_9GFmcOd5
ID_5Q2N2S7F,right,t_id_fjHGjp1w
ID_I5JWVGLH,right,t_id_e9i3Lbq4
ID_UZEE6OYC,right,t_id_HcnnlRda
ID_2RK7C1QN,left,t_id_hRzOoJ2t
ID_Q791I9P4,left,t_id_72SiiZCp
ID_W5REUH7W,right,t_id_VP2NW7aV
ID_XWSPU2VM,left,t_id_WXXcPTSW
ID_IR0IHQ7V,right,t_id_utw0thCe
ID_DZ9SO2W5,left,t_id_MwnEYfqe
ID_XGR48J5M,Top,t_id_3b65X5Lw
ID_DAJIOZB4,right,t_id_9GFmcOd5
ID_9HPYHO2V,left,t_id_n2FBHk6d
ID_VF20L2VY,left,t_id_ZfvZBX4Q
ID_VQOF4YT6,top,t_id_G5eoqwD8
ID_1X7A1UEI,right,t_id_pCO59rOk
ID_VLN1K7OL,right,t_id_BI99coHt
ID_ZIRA79HX,right,t_id_9GFmcOd5
ID_ZLD90OV1,top,t_id_AMnriNb5
ID_MEZPOPKK,left,t_id_ROFhVsy2
ID_QB6M362S,left,t_id_ROFhVsy2
ID_CQDCBC5D,Top,t_id_HxxqrdTx
ID_W3LR583R,right,t_id_stWei2Uq
ID_8UQZVQ0A,top,t_id_72SiiZCp
ID_6GKENQ04,left,t_id_AMnriNb5
ID_HLZSTV7R,left,t_id_ZfvZBX4Q
ID_8DYA7KAQ,right,t_id_VP2NW7aV
ID_AZ14M63B,right,t_id_gGQbn7FA
ID_QA4MB57L,right,t_id_hRzOoJ2t
ID_IU5UT4OY,top,t_id_iZQiE7wb
ID_CVJ4OI5E,right,t_id_dVQ4x3wz
ID_FNCYJO4N,Left,t_id_GOIvCduN
ID_TCRAK2SL,left,t_id_AOWArhGb
ID_T0BU3UA4,top,t_id_MwnEYfqe
ID_2LDLI6PP,top,t_id_hibDzPAP
ID_NQAIDW51,top,t_id_Kc1tXDbJ
ID_2MEG03I2,right,t_id_VP2NW7aV
ID_2HX3SP2Q,left,t_id_stWei2Uq
ID_5XXF7ZGL,top,t_id_Ts5LyVQz
ID_BUYIHPE9,left,t_id_tjWepji1
ID_FZYBELYA,left,t_id_DPYQnZyv
ID_YX82QI6R,top,t_id_JI6ba2Yx
ID_12TAY32Q,top,t_id_D0gA44av
ID_Z5KA8C2M,right,t_id_ROFhVsy2
ID_GFBJPJGS,top,t_id_fjHGjp1w
ID_NRP1AIT4,right,t_id_WXXcPTSW
ID_HTDZRCNH,left,t_id_2Yn71r7R
ID_N9WSLLJ1,right,t_id_EEbWq5Pj
ID_7OBF2WX4,top,t_id_qZ0iZYsC
ID_87MCP8VR,right,t_id_uJXT7dGu
ID_B52B74Z5,right,t_id_KysHzQQK
ID_54LAOD9M,right,t_id_IP1t15lD
ID_7GN187ZC,left,t_id_utw0thCe
ID_5QUIP8AJ,left,t_id_Imm5pnNf
ID_WCIJAV77,top,t_id_4XiPKIk7
ID_HE249CLY,Left,t_id_3b65X5Lw
ID_LRLI49AW,top,t_id_uJXT7dGu
ID_DAOMPKUD,Top,t_id_HxxqrdTx
ID_M7EZ9KWU,Top,t_id_B7LaSiac
ID_LC0I6KRM,top,t_id_uJXT7dGu
ID_TKQ1T7OM,right,t_id_D7NA71la
ID_TJNHJTF2,left,t_id_m2JvEcsg
ID_ZESG86DZ,left,t_id_iZQiE7wb
ID_A3HOW1FG,left,t_id_GrxmyS59
ID_7450PZW8,right,t_id_tjWepji1
ID_CXCDSK7Q,left,t_id_Ts5LyVQz
ID_F85G6GJO,top,t_id_GrxmyS59
ID_QDMW6DEZ,Left,t_id_B7LaSiac
ID_85TJ2KL3,right,t_id_DPYQnZyv
ID_NTARX8FD,right,t_id_UVQa4BMz
ID_B50MRZGS,top,t_id_VP2NW7aV
ID_WPFYFY2D,right,t_id_uIlC9Gfo
ID_UYH1TYUJ,right,t_id_a4VYrmyA
ID_7BQD0A1H,right,t_id_8b8sprYe
ID_4N7JWS83,left,t_id_QqeoI5F3
ID_P8YFL5T1,left,t_id_mXD9Bjsb
ID_HI0T8Z1X,right,t_id_SwQZGIpa
ID_HKS5X6NS,right,t_id_UVQa4BMz
ID_QENUA1KV,right,t_id_Ts5LyVQz
ID_J515N5MY,top,t_id_smNwfXAT
ID_ZHHPWEGQ,top,t_id_m2JvEcsg
ID_MN9QFBNA,top,t_id_GrxmyS59
ID_Y7DXL8C5,right,t_id_qZ0iZYsC
ID_SNR93SBY,top,t_id_X3bKBWYW
ID_V84NRDHD,left,t_id_tjWepji1
ID_W69Q855F,top,t_id_utw0thCe
ID_ZA705O56,right,t_id_D7NA71la
ID_9T6G5V96,top,t_id_G5eoqwD8
ID_S79L43Q0,right,t_id_ROFhVsy2
ID_OJSSJ2SH,right,t_id_AOWArhGb
ID_ADILYXGS,left,t_id_2QmcRkNj
ID_2MP8SEYX,top,t_id_9GFmcOd5
ID_MCE8QF42,top,t_id_Ts5LyVQz
ID_MXVQP38H,right,t_id_ROFhVsy2
ID_F4PD807Z,top,t_id_uMOOrQu7
ID_Z5Q0HDIU,top,t_id_ksTLswDT
ID_JQZDH8MT,left,t_id_YjXYTCGC
ID_I4RFOCAR,left,t_id_2Yn71r7R
ID_J0UFA2PZ,right,t_id_GrxmyS59
ID_O0ZBUMWU,right,t_id_J5dngbNA
ID_TMK8JF37,right,t_id_8b8sprYe
ID_XYE9KS2L,left,t_id_WDCMGvI4
ID_PZCVSR5Z,top,t_id_ZfvZBX4Q
ID_IEWSNLBH,right,t_id_tjWepji1
ID_81D4WGDY,right,t_id_pCO59rOk
ID_GTBTPHZ6,right,t_id_utw0thCe
ID_WUZ6J5F2,Right,t_id_GOIvCduN
ID_I4R49D77,left,t_id_Dv4O8bOM
ID_78YFIJ0A,top,t_id_J5dngbNA
ID_D3MCT6M9,right,t_id_qZ0iZYsC
ID_Z0YTBU9Y,top,t_id_4XiPKIk7
ID_6W6TGZQI,top,t_id_JI6ba2Yx
ID_J2CD2PTP,left,t_id_GrxmyS59
ID_F8D8X6UF,left,t_id_fxTQ5vHC
ID_NKLZUEVG,left,t_id_uIlC9Gfo
ID_DTTHK4N6,top,t_id_mpuNp8mf
ID_E7T23ZMZ,left,t_id_2E8o5Jtl
ID_S3BLGCHB,right,t_id_JI6ba2Yx
ID_CZ5JH3AI,right,t_id_uVgs53Cz
ID_PEI4Q3OL,right,t_id_hibDzPAP
ID_S3G4SSTJ,top,t_id_KysHzQQK
ID_1HSQYZPE,top,t_id_DbmclTcj
ID_1UZD2RB5,top,t_id_15bo4NKD
ID_2GM0SK7V,left,t_id_mpuNp8mf
ID_IXA0L1M0,left,t_id_uJXT7dGu
ID_XWEJQI2A,top,t_id_Kf73l69A
ID_UMZ6SMA6,right,t_id_DPYQnZyv
ID_NS2ERTJK,right,t_id_AMnriNb5
ID_QLXYT50S,right,t_id_Kc1tXDbJ
ID_2OMWS5P4,right,t_id_hRzOoJ2t
ID_OUY837TO,top,t_id_0g31STvR
ID_1Q7KV157,top,t_id_WXXcPTSW
ID_BPRJ7WOD,left,t_id_e9i3Lbq4
ID_SC9XGO7W,top,t_id_e9i3Lbq4
ID_ICWTYDQB,top,t_id_tjWepji1
ID_LXZQC7HI,right,t_id_bYageLYA
ID_9ID0GL6X,right,t_id_G5eoqwD8
ID_YZOQKOUX,top,t_id_BI99coHt
ID_VB3AX05S,top,t_id_J24awAHQ
ID_0LHYKDEU,top,t_id_g9Fz8PH7
ID_A93JG16E,right,t_id_G5eoqwD8
ID_UNXGGHWX,right,t_id_dc6pjonY
ID_JUVSIMFU,top,t_id_gGQbn7FA
ID_OTD4A4JG,top,t_id_VFb44eFm
ID_6J0PC57A,right,t_id_HcnnlRda
ID_GX18SD9K,right,t_id_dVQ4x3wz
ID_KOGRLQUV,Right,t_id_3b65X5Lw
ID_PSV6BUWY,left,t_id_pCO59rOk
ID_C1G38ELN,top,t_id_87CLFCvE
ID_1V0SE83T,left,t_id_8b8sprYe
ID_IBWYR0EA,right,t_id_niEvmwXu
ID_5JTLGUUD,top,t_id_hRzOoJ2t
ID_EN9YF5QI,right,t_id_stWei2Uq
ID_LFVG5RUM,right,t_id_Dv4O8bOM
ID_AZ4IKL56,right,t_id_ifWwxWF4
ID_OP8XW057,top,t_id_stWei2Uq
ID_22W82BIH,top,t_id_IP3xtKuX
ID_UWXTPFFZ,top,t_id_C0wevyOl
ID_UFUK46C1,left,t_id_hRzOoJ2t
ID_H2OSAU4N,right,t_id_gJaKYxBQ
ID_4RSKLTX9,left,t_id_3fKmnkBS
ID_O1I8JHUX,top,t_id_GrxmyS59
ID_IEH7W645,left,t_id_ROFhVsy2
ID_KL0BL5JE,top,t_id_WDCMGvI4
ID_HG1PRFJ3,top,t_id_8b8sprYe
ID_DXB4ZXRX,Top,t_id_GOIvCduN
ID_CGAA7VNO,top,t_id_ifWwxWF4
ID_MVUXFVLD,right,t_id_mpuNp8mf
ID_BDMVQH6G,left,t_id_SwQZGIpa
ID_JD58AF27,left,t_id_QqeoI5F3
ID_Y2LJOVUQ,left,t_id_Lhp87PBX
ID_GH1RFB6Z,right,t_id_FBsGDJhU
ID_A4XCXRO9,left,t_id_pCO59rOk
